모형,원인,t(분),십분위,예측 CIF%,실제%,n
LGBM(월 포함),배차,30,1,7.126,6.975,38712
LGBM(월 포함),배차,30,2,21.708,19.369,38711
LGBM(월 포함),배차,30,3,40.433,35.194,38711
LGBM(월 포함),배차,30,4,59.896,52.946,38711
LGBM(월 포함),배차,30,5,76.21,68.65,38711
LGBM(월 포함),배차,30,6,87.297,81.693,38711
LGBM(월 포함),배차,30,7,93.191,90.589,38711
LGBM(월 포함),배차,30,8,95.892,94.425,38711
LGBM(월 포함),배차,30,9,97.294,96.497,38711
LGBM(월 포함),배차,30,10,98.299,97.884,38712
LGBM(월 포함),배차,60,1,31.698,31.468,38712
LGBM(월 포함),배차,60,2,62.711,54.522,38711
LGBM(월 포함),배차,60,3,78.044,69.249,38711
LGBM(월 포함),배차,60,4,86.284,78.916,38711
LGBM(월 포함),배차,60,5,90.913,85.895,38711
LGBM(월 포함),배차,60,6,93.702,91.096,38711
LGBM(월 포함),배차,60,7,95.536,94.252,38711
LGBM(월 포함),배차,60,8,96.809,96.032,38711
LGBM(월 포함),배차,60,9,97.713,97.35,38711
LGBM(월 포함),배차,60,10,98.504,98.295,38712
LGBM(월 포함),최종 포기,30,1,0.764,0.842,38712
LGBM(월 포함),최종 포기,30,2,1.288,1.346,38711
LGBM(월 포함),최종 포기,30,3,1.76,1.764,38711
LGBM(월 포함),최종 포기,30,4,2.345,2.467,38711
LGBM(월 포함),최종 포기,30,5,3.063,3.015,38711
LGBM(월 포함),최종 포기,30,6,3.912,3.583,38711
LGBM(월 포함),최종 포기,30,7,5.015,4.774,38711
LGBM(월 포함),최종 포기,30,8,6.596,6.352,38711
LGBM(월 포함),최종 포기,30,9,9.174,8.78,38711
LGBM(월 포함),최종 포기,30,10,17.808,16.132,38712
LGBM(월 포함),최종 포기,60,1,0.769,0.899,38712
LGBM(월 포함),최종 포기,60,2,1.308,1.431,38711
LGBM(월 포함),최종 포기,60,3,1.825,2.01,38711
LGBM(월 포함),최종 포기,60,4,2.534,2.767,38711
LGBM(월 포함),최종 포기,60,5,3.498,3.735,38711
LGBM(월 포함),최종 포기,60,6,4.726,4.993,38711
LGBM(월 포함),최종 포기,60,7,6.361,6.639,38711
LGBM(월 포함),최종 포기,60,8,8.766,8.897,38711
LGBM(월 포함),최종 포기,60,9,12.797,12.893,38711
LGBM(월 포함),최종 포기,60,10,26.195,24.385,38712
LGBM(월 제외),배차,30,1,5.706,7.197,38712
LGBM(월 제외),배차,30,2,18.85,19.829,38711
LGBM(월 제외),배차,30,3,36.866,35.124,38711
LGBM(월 제외),배차,30,4,57.133,52.197,38711
LGBM(월 제외),배차,30,5,74.917,68.267,38711
LGBM(월 제외),배차,30,6,86.874,82.15,38711
LGBM(월 제외),배차,30,7,92.977,90.654,38711
LGBM(월 제외),배차,30,8,95.708,94.438,38711
LGBM(월 제외),배차,30,9,97.17,96.484,38711
LGBM(월 제외),배차,30,10,98.223,97.882,38712
LGBM(월 제외),배차,60,1,30.734,32.238,38712
LGBM(월 제외),배차,60,2,61.996,54.708,38711
LGBM(월 제외),배차,60,3,77.411,68.722,38711
LGBM(월 제외),배차,60,4,85.729,78.833,38711
LGBM(월 제외),배차,60,5,90.481,85.914,38711
LGBM(월 제외),배차,60,6,93.348,90.809,38711
LGBM(월 제외),배차,60,7,95.252,94.152,38711
LGBM(월 제외),배차,60,8,96.595,95.999,38711
LGBM(월 제외),배차,60,9,97.571,97.445,38711
LGBM(월 제외),배차,60,10,98.42,98.256,38712
LGBM(월 제외),최종 포기,30,1,0.755,0.783,38712
LGBM(월 제외),최종 포기,30,2,1.27,1.387,38711
LGBM(월 제외),최종 포기,30,3,1.717,1.782,38711
LGBM(월 제외),최종 포기,30,4,2.245,2.459,38711
LGBM(월 제외),최종 포기,30,5,2.891,2.867,38711
LGBM(월 제외),최종 포기,30,6,3.698,3.728,38711
LGBM(월 제외),최종 포기,30,7,4.778,4.926,38711
LGBM(월 제외),최종 포기,30,8,6.329,6.068,38711
LGBM(월 제외),최종 포기,30,9,8.904,8.951,38711
LGBM(월 제외),최종 포기,30,10,17.647,16.104,38712
LGBM(월 제외),최종 포기,60,1,0.763,0.84,38712
LGBM(월 제외),최종 포기,60,2,1.3,1.423,38711
LGBM(월 제외),최종 포기,60,3,1.805,1.997,38711
LGBM(월 제외),최종 포기,60,4,2.463,2.842,38711
LGBM(월 제외),최종 포기,60,5,3.329,3.756,38711
LGBM(월 제외),최종 포기,60,6,4.46,5.045,38711
LGBM(월 제외),최종 포기,60,7,6.007,6.556,38711
LGBM(월 제외),최종 포기,60,8,8.316,8.884,38711
LGBM(월 제외),최종 포기,60,9,12.314,13.007,38711
LGBM(월 제외),최종 포기,60,10,25.664,24.3,38712
기준선(a) 구간×시각,배차,30,1,38.905,40.967,38712
기준선(a) 구간×시각,배차,30,2,43.332,32.854,38711
기준선(a) 구간×시각,배차,30,3,53.548,42.076,38711
기준선(a) 구간×시각,배차,30,4,58.167,47.999,38711
기준선(a) 구간×시각,배차,30,5,68.759,58.575,38711
기준선(a) 구간×시각,배차,30,6,83.214,72.972,38711
기준선(a) 구간×시각,배차,30,7,85.088,78.564,38711
기준선(a) 구간×시각,배차,30,8,91.191,88.05,38711
기준선(a) 구간×시각,배차,30,9,94.132,90.705,38711
기준선(a) 구간×시각,배차,30,10,95.249,91.46,38712
기준선(a) 구간×시각,배차,60,1,67.442,66.584,38712
기준선(a) 구간×시각,배차,60,2,70.596,63.346,38711
기준선(a) 구간×시각,배차,60,3,74.435,65.271,38711
기준선(a) 구간×시각,배차,60,4,77.482,67.766,38711
기준선(a) 구간×시각,배차,60,5,85.275,79.331,38711
기준선(a) 구간×시각,배차,60,6,91.116,84.395,38711
기준선(a) 구간×시각,배차,60,7,91.726,87.443,38711
기준선(a) 구간×시각,배차,60,8,95.248,93.821,38711
기준선(a) 구간×시각,배차,60,9,96.296,94.691,38711
기준선(a) 구간×시각,배차,60,10,96.498,94.426,38712
기준선(a) 구간×시각,최종 포기,30,1,1.981,2.619,38712
기준선(a) 구간×시각,최종 포기,30,2,2.157,2.534,38711
기준선(a) 구간×시각,최종 포기,30,3,2.536,2.898,38711
기준선(a) 구간×시각,최종 포기,30,4,3.23,3.735,38711
기준선(a) 구간×시각,최종 포기,30,5,3.387,3.914,38711
기준선(a) 구간×시각,최종 포기,30,6,3.856,4.386,38711
기준선(a) 구간×시각,최종 포기,30,7,4.683,5.086,38711
기준선(a) 구간×시각,최종 포기,30,8,5.712,6.355,38711
기준선(a) 구간×시각,최종 포기,30,9,6.843,8.0,38711
기준선(a) 구간×시각,최종 포기,30,10,8.532,9.527,38712
기준선(a) 구간×시각,최종 포기,60,1,2.076,3.04,38712
기준선(a) 구간×시각,최종 포기,60,2,2.251,2.813,38711
기준선(a) 구간×시각,최종 포기,60,3,2.754,3.361,38711
기준선(a) 구간×시각,최종 포기,60,4,4.12,5.572,38711
기준선(a) 구간×시각,최종 포기,60,5,4.267,5.368,38711
기준선(a) 구간×시각,최종 포기,60,6,5.236,6.396,38711
기준선(a) 구간×시각,최종 포기,60,7,6.339,7.21,38711
기준선(a) 구간×시각,최종 포기,60,8,7.866,9.667,38711
기준선(a) 구간×시각,최종 포기,60,9,9.088,11.167,38711
기준선(a) 구간×시각,최종 포기,60,10,11.482,14.055,38712
