구분,취소유형,기준(분),지표,값
A 재접수 판별,배차 전 취소,10.0,취소 건수,143071.0
A 재접수 판별,배차 전 취소,10.0,재접수 취소 건수,25495.0
A 재접수 판별,배차 전 취소,10.0,재접수 취소 비율%,17.82
A 재접수 판별,배차 전 취소,10.0,최종 포기 건수,117576.0
A 재접수 판별,배차 전 취소,10.0,최종 포기 비율%(취소 대비),82.18
A 재접수 판별,배차 전 취소,10.0,최종 포기 비율%(즉시호출 전체 대비),7.69
A 재접수 판별,배차 전 취소,10.0,재접수 콜이 결국 승차한 비율%,67.84
A 재접수 판별,배차 전 취소,30.0,취소 건수,143071.0
A 재접수 판별,배차 전 취소,30.0,재접수 취소 건수,41422.0
A 재접수 판별,배차 전 취소,30.0,재접수 취소 비율%,28.95
A 재접수 판별,배차 전 취소,30.0,최종 포기 건수,101649.0
A 재접수 판별,배차 전 취소,30.0,최종 포기 비율%(취소 대비),71.05
A 재접수 판별,배차 전 취소,30.0,최종 포기 비율%(즉시호출 전체 대비),6.65
A 재접수 판별,배차 전 취소,30.0,재접수 콜이 결국 승차한 비율%,70.31
A 재접수 판별,배차 전 취소,60.0,취소 건수,143071.0
A 재접수 판별,배차 전 취소,60.0,재접수 취소 건수,46205.0
A 재접수 판별,배차 전 취소,60.0,재접수 취소 비율%,32.3
A 재접수 판별,배차 전 취소,60.0,최종 포기 건수,96866.0
A 재접수 판별,배차 전 취소,60.0,최종 포기 비율%(취소 대비),67.7
A 재접수 판별,배차 전 취소,60.0,최종 포기 비율%(즉시호출 전체 대비),6.34
A 재접수 판별,배차 전 취소,60.0,재접수 콜이 결국 승차한 비율%,70.81
A 재접수 판별,배차 후 취소,10.0,취소 건수,59991.0
A 재접수 판별,배차 후 취소,10.0,재접수 취소 건수,3114.0
A 재접수 판별,배차 후 취소,10.0,재접수 취소 비율%,5.19
A 재접수 판별,배차 후 취소,10.0,최종 포기 건수,56877.0
A 재접수 판별,배차 후 취소,10.0,최종 포기 비율%(취소 대비),94.81
A 재접수 판별,배차 후 취소,10.0,최종 포기 비율%(즉시호출 전체 대비),3.72
A 재접수 판별,배차 후 취소,10.0,재접수 콜이 결국 승차한 비율%,84.75
A 재접수 판별,배차 후 취소,30.0,취소 건수,59991.0
A 재접수 판별,배차 후 취소,30.0,재접수 취소 건수,29767.0
A 재접수 판별,배차 후 취소,30.0,재접수 취소 비율%,49.62
A 재접수 판별,배차 후 취소,30.0,최종 포기 건수,30224.0
A 재접수 판별,배차 후 취소,30.0,최종 포기 비율%(취소 대비),50.38
A 재접수 판별,배차 후 취소,30.0,최종 포기 비율%(즉시호출 전체 대비),1.98
A 재접수 판별,배차 후 취소,30.0,재접수 콜이 결국 승차한 비율%,82.06
A 재접수 판별,배차 후 취소,60.0,취소 건수,59991.0
A 재접수 판별,배차 후 취소,60.0,재접수 취소 건수,32722.0
A 재접수 판별,배차 후 취소,60.0,재접수 취소 비율%,54.54
A 재접수 판별,배차 후 취소,60.0,최종 포기 건수,27269.0
A 재접수 판별,배차 후 취소,60.0,최종 포기 비율%(취소 대비),45.46
A 재접수 판별,배차 후 취소,60.0,최종 포기 비율%(즉시호출 전체 대비),1.78
A 재접수 판별,배차 후 취소,60.0,재접수 콜이 결국 승차한 비율%,82.17
A 재접수 판별,전체 취소,10.0,취소 건수,203062.0
A 재접수 판별,전체 취소,10.0,재접수 취소 건수,28609.0
A 재접수 판별,전체 취소,10.0,재접수 취소 비율%,14.09
A 재접수 판별,전체 취소,10.0,최종 포기 건수,174453.0
A 재접수 판별,전체 취소,10.0,최종 포기 비율%(취소 대비),85.91
A 재접수 판별,전체 취소,10.0,최종 포기 비율%(즉시호출 전체 대비),11.42
A 재접수 판별,전체 취소,10.0,재접수 콜이 결국 승차한 비율%,69.68
A 재접수 판별,전체 취소,30.0,취소 건수,203062.0
A 재접수 판별,전체 취소,30.0,재접수 취소 건수,71189.0
A 재접수 판별,전체 취소,30.0,재접수 취소 비율%,35.06
A 재접수 판별,전체 취소,30.0,최종 포기 건수,131873.0
A 재접수 판별,전체 취소,30.0,최종 포기 비율%(취소 대비),64.94
A 재접수 판별,전체 취소,30.0,최종 포기 비율%(즉시호출 전체 대비),8.63
A 재접수 판별,전체 취소,30.0,재접수 콜이 결국 승차한 비율%,75.22
A 재접수 판별,전체 취소,60.0,취소 건수,203062.0
A 재접수 판별,전체 취소,60.0,재접수 취소 건수,78927.0
A 재접수 판별,전체 취소,60.0,재접수 취소 비율%,38.87
A 재접수 판별,전체 취소,60.0,최종 포기 건수,124135.0
A 재접수 판별,전체 취소,60.0,최종 포기 비율%(취소 대비),61.13
A 재접수 판별,전체 취소,60.0,최종 포기 비율%(즉시호출 전체 대비),8.12
A 재접수 판별,전체 취소,60.0,재접수 콜이 결국 승차한 비율%,75.52
B 위양성 기준선,승차 콜(같은 규칙을 승차 시각에 적용),10.0,우연 일치 비율%,0.73
B 위양성 기준선,승차 콜(같은 규칙을 승차 시각에 적용),30.0,우연 일치 비율%,1.98
B 위양성 기준선,승차 콜(같은 규칙을 승차 시각에 적용),60.0,우연 일치 비율%,3.29
C 취소 시각 분포,배차 전 취소 | 전체,30.0,접수→취소 중앙값(분),7.18
C 취소 시각 분포,배차 전 취소 | 전체,30.0,접수 후 2분 이내 취소 비중%,36.54
C 취소 시각 분포,배차 전 취소 | 전체,30.0,접수 후 5분 이내 취소 비중%,45.64
C 취소 시각 분포,배차 전 취소 | 전체,30.0,접수 후 10분 이내 취소 비중%,54.85
C 취소 시각 분포,배차 전 취소 | 재접수 취소,30.0,접수→취소 중앙값(분),1.19
C 취소 시각 분포,배차 전 취소 | 재접수 취소,30.0,접수 후 2분 이내 취소 비중%,61.44
C 취소 시각 분포,배차 전 취소 | 재접수 취소,30.0,접수 후 5분 이내 취소 비중%,75.37
C 취소 시각 분포,배차 전 취소 | 재접수 취소,30.0,접수 후 10분 이내 취소 비중%,85.54
C 취소 시각 분포,배차 전 취소 | 최종 포기,30.0,접수→취소 중앙값(분),15.33
C 취소 시각 분포,배차 전 취소 | 최종 포기,30.0,접수 후 2분 이내 취소 비중%,26.39
C 취소 시각 분포,배차 전 취소 | 최종 포기,30.0,접수 후 5분 이내 취소 비중%,33.53
C 취소 시각 분포,배차 전 취소 | 최종 포기,30.0,접수 후 10분 이내 취소 비중%,42.35
C 취소 시각 분포,배차 후 취소 | 전체,30.0,접수→취소 중앙값(분),16.82
C 취소 시각 분포,배차 후 취소 | 전체,30.0,접수 후 2분 이내 취소 비중%,0.41
C 취소 시각 분포,배차 후 취소 | 전체,30.0,접수 후 5분 이내 취소 비중%,13.1
C 취소 시각 분포,배차 후 취소 | 전체,30.0,접수 후 10분 이내 취소 비중%,32.07
C 취소 시각 분포,배차 후 취소 | 전체,30.0,배차→취소 중앙값(분),2.55
C 취소 시각 분포,배차 후 취소 | 전체,30.0,배차 후 2분 이내 취소 비중%,38.58
C 취소 시각 분포,배차 후 취소 | 전체,30.0,배차 후 9~12분 취소 비중%(전화 미연결 자동취소 규정 구간),5.05
C 취소 시각 분포,배차 후 취소 | 재접수 취소,30.0,접수→취소 중앙값(분),11.02
C 취소 시각 분포,배차 후 취소 | 재접수 취소,30.0,접수 후 2분 이내 취소 비중%,0.55
C 취소 시각 분포,배차 후 취소 | 재접수 취소,30.0,접수 후 5분 이내 취소 비중%,19.98
C 취소 시각 분포,배차 후 취소 | 재접수 취소,30.0,접수 후 10분 이내 취소 비중%,46.18
C 취소 시각 분포,배차 후 취소 | 재접수 취소,30.0,배차→취소 중앙값(분),2.23
C 취소 시각 분포,배차 후 취소 | 재접수 취소,30.0,배차 후 2분 이내 취소 비중%,43.93
C 취소 시각 분포,배차 후 취소 | 재접수 취소,30.0,배차 후 9~12분 취소 비중%(전화 미연결 자동취소 규정 구간),4.2
C 취소 시각 분포,배차 후 취소 | 최종 포기,30.0,접수→취소 중앙값(분),27.48
C 취소 시각 분포,배차 후 취소 | 최종 포기,30.0,접수 후 2분 이내 취소 비중%,0.27
C 취소 시각 분포,배차 후 취소 | 최종 포기,30.0,접수 후 5분 이내 취소 비중%,6.33
C 취소 시각 분포,배차 후 취소 | 최종 포기,30.0,접수 후 10분 이내 취소 비중%,18.18
C 취소 시각 분포,배차 후 취소 | 최종 포기,30.0,배차→취소 중앙값(분),2.99
C 취소 시각 분포,배차 후 취소 | 최종 포기,30.0,배차 후 2분 이내 취소 비중%,33.32
C 취소 시각 분포,배차 후 취소 | 최종 포기,30.0,배차 후 9~12분 취소 비중%(전화 미연결 자동취소 규정 구간),5.89
C 취소 시각 분포,전체 취소 | 전체,30.0,접수→취소 중앙값(분),10.98
C 취소 시각 분포,전체 취소 | 전체,30.0,접수 후 2분 이내 취소 비중%,25.86
C 취소 시각 분포,전체 취소 | 전체,30.0,접수 후 5분 이내 취소 비중%,36.03
C 취소 시각 분포,전체 취소 | 전체,30.0,접수 후 10분 이내 취소 비중%,48.12
C 취소 시각 분포,전체 취소 | 재접수 취소,30.0,접수→취소 중앙값(분),4.57
C 취소 시각 분포,전체 취소 | 재접수 취소,30.0,접수 후 2분 이내 취소 비중%,35.98
C 취소 시각 분포,전체 취소 | 재접수 취소,30.0,접수 후 5분 이내 취소 비중%,52.21
C 취소 시각 분포,전체 취소 | 재접수 취소,30.0,접수 후 10분 이내 취소 비중%,69.08
C 취소 시각 분포,전체 취소 | 최종 포기,30.0,접수→취소 중앙값(분),18.3
C 취소 시각 분포,전체 취소 | 최종 포기,30.0,접수 후 2분 이내 취소 비중%,20.4
C 취소 시각 분포,전체 취소 | 최종 포기,30.0,접수 후 5분 이내 취소 비중%,27.3
C 취소 시각 분포,전체 취소 | 최종 포기,30.0,접수 후 10분 이내 취소 비중%,36.81
D 참고,배차 전 취소,,취소 전에 같은 조건 새 접수(중복 접수) 비율%,1.08
D 참고,배차 후 취소,,취소 전에 같은 조건 새 접수(중복 접수) 비율%,2.03
D 참고,전체 취소,,취소 전에 같은 조건 새 접수(중복 접수) 비율%,1.36
D 참고,배차 후 취소,60.0,재접수 중 취소 후 10~11분에 들어온 비중%(배차 후 취소 시 10분 접수 제한 규정),31.67
E 이용 건(에피소드) 기준,전체 취소,30.0,에피소드 수(콜 - 재접수 취소),1456858.0
E 이용 건(에피소드) 기준,전체 취소,30.0,최종 포기 비율%(에피소드 대비),9.05
