key,층,항목,건수,설명
raw_n,원본,탑승내역 전체,1729476,
raw_cancel,원본,취소 전체(즉시+사전),245303,승차 후 취소 기록 34건은 승차로 셈. 공식 통계에서 빠진 규모
raw_imm_cancel,원본,즉시호출 취소,203122,
raw_imm_pre_cancel,원본,즉시호출 배차 전 취소,143124,
raw_imm_post_cancel,원본,즉시호출 배차 후 취소,59998,
raw_sched_cancel,원본,사전접수 취소,42181,일정 변경일 수 있어 '포기'로 부르지 않음
n_all,분석 대상 상태,제외 후 전체 콜,1721652,
n_sched,분석 대상 상태,사전접수 콜,193605,
imm_n,분석 대상 상태,즉시호출 콜,1528047,주 분석 모집단
imm_status_boarded,분석 대상 상태,즉시호출 승차(상태 기준),1324338,
imm_status_pre_cancel,분석 대상 상태,즉시호출 배차 전 취소(상태 기준),143071,
imm_status_post_cancel,분석 대상 상태,즉시호출 배차 후 취소(상태 기준),59992,
imm_status_disp_noboard,분석 대상 상태,즉시호출 배차 후 미승차·미취소(상태 기준),622,
imm_status_unknown,분석 대상 상태,즉시호출 상태 불명(상태 기준),24,
imm_dispatch,분석 사건,배차(E1=1),1384952,
imm_pre_cancel,분석 사건,배차 전 취소(E1=2),143071,
imm_s1_censor,분석 사건,Stage 1 중도절단(상태 불명),24,
imm_board,분석 사건,승차(E2=1),1324338,
imm_post_cancel,분석 사건,배차 후 취소(E2=2),59991,상태 기준보다 1건 적음: 접수 후 360분 넘어 취소돼 중도절단
imm_other_fail,분석 사건,"기타 실패(E2=3, 배차 후 미승차·미취소)",599,상태 기준 622건 중 23건은 하차일시가 접수 후 360분을 넘어 중도절단
imm_s2_censor,분석 사건,Stage 2 중도절단(360분 초과),24,
imm_cancel,분석 사건,취소 전체(E_all=2),203062,
imm_censor,분석 사건,Overall 중도절단(E_all=0),48,상태 불명 24 + 360분 초과 24
imm_pre_final,분석 사건,"배차 전 최종 포기(E1_ab=2, 재접수 30분 기준)",101649,
imm_pre_recall,분석 사건,배차 전 재접수 취소(E1_ab=4),41422,
imm_post_final,분석 사건,배차 후 최종 포기(E2_ab=2),30224,
imm_post_recall,분석 사건,배차 후 재접수 취소(E2_ab=4),29767,
imm_final,분석 사건,최종 포기 전체(E_all_ab=2),131873,보고서 '포기'의 기본 숫자
imm_recall,분석 사건,재접수 취소 전체(E_all_ab=4),71189,
imm_episodes,분석 사건,이용 건(에피소드) = 즉시호출 - 재접수 취소,1456858,
