사례,테스트 기간 같은 조건 콜 수,이미 기다린 시간(분),그 시점 아직 대기 중인 콜,그 시점 서울 미배차 대기 콜(중앙값),그 시점 같은 구 미배차 대기 콜(중앙값),모형 다음 30분 배차%,모형 다음 30분 최종 포기%,모형 다음 30분 재접수 취소%,모형 30분 뒤에도 미배차%,모형 배차 확률 50% 도달 남은 시간(분),실제 다음 30분 배차%,실제 다음 30분 최종 포기%,실제 다음 30분 재접수 취소%,실제 30분 뒤에도 미배차%
A 평일 13시 강남구,1506,0,1506,59.0,4.0,89.8,4.0,2.2,4.0,10,84.3,5.1,2.1,8.5
A 평일 13시 강남구,1506,15,382,78.0,7.0,82.1,10.1,0.3,7.4,10,72.3,15.4,0.3,12.0
A 평일 13시 강남구,1506,30,128,123.0,8.0,70.3,20.7,0.2,8.8,15,48.4,30.5,0.0,21.1
B 평일 16시 서초구,609,0,609,287.0,16.0,6.9,11.9,3.4,77.8,90,10.3,8.0,5.3,76.4
B 평일 16시 서초구,609,15,515,265.0,16.0,11.0,10.7,0.7,77.6,75,11.5,7.8,1.4,79.4
B 평일 16시 서초구,609,30,465,240.0,15.0,18.0,12.6,0.3,69.1,60,15.3,11.2,0.2,73.3
C 평일 21시 노원구,146,0,146,19.0,1.0,61.4,13.6,1.4,23.6,20,54.1,20.5,1.4,24.0
C 평일 21시 노원구,146,15,66,27.5,2.0,47.4,14.1,0.5,38.0,35,42.4,22.7,0.0,34.8
C 평일 21시 노원구,146,30,35,27.0,3.0,50.7,13.1,0.3,35.9,30,48.6,17.1,0.0,34.3
