o_gu,era_version,n_data_dong,n_matched,n_era_dong,jaccard
강남구,20221001,22,22,22,1.0
강동구,20210401,18,18,18,1.0
강북구,20251231,13,13,13,1.0
강서구,20251231,20,20,20,1.0
관악구,20251231,21,21,21,1.0
광진구,20251231,15,15,15,1.0
구로구,20191231,15,15,15,1.0
금천구,20251231,10,10,10,1.0
노원구,20101231,19,19,19,1.0
도봉구,20251231,14,14,14,1.0
동대문구,20081231,22,22,22,1.0
동작구,20251231,15,15,15,1.0
마포구,20251231,16,16,16,1.0
서대문구,20251231,14,14,14,1.0
서초구,20251231,18,18,18,1.0
성동구,20251231,17,17,17,1.0
성북구,20251231,20,20,20,1.0
송파구,20141231,26,26,26,1.0
양천구,20251231,18,18,18,1.0
영등포구,20251231,18,18,18,1.0
용산구,20251231,16,16,16,1.0
은평구,20251231,16,16,16,1.0
종로구,20111231,18,18,18,1.0
중구,20121231,15,15,15,1.0
중랑구,20251231,16,16,16,1.0
