항목,값
110~130분 건수,99932.0
정확히 125분(±0.5),98544.0
125분 블록 접수초=0 비율%,97.15
immediate 접수초=0 비율%,1.63
125분 블록 평일 비율%,95.19
125분 블록 예약목적 건수,0.0
125분 블록 접수->배차 중앙값(분),133.3
125분 블록 예정->배차 중앙값(분),8.3
125분 블록 배차전취소율%,22.97
125분 블록 배차후취소율%,5.89
125분 블록 이용목적: 귀가,32211.0
125분 블록 이용목적: 치료,25948.0
125분 블록 이용목적: 통학/출근,22447.0
125분 블록 이용목적: 재활,17770.0
125분 블록 이용목적: 기타,162.0
125분 블록 이용목적: 종교,6.0
immediate 건수 (간격 -1~5분),1528314.0
immediate 건수 (간격 -1~10분),1529875.0
immediate 건수 (간격 -1~15분),1531048.0
immediate 건수 (간격 -inf~5분),1528440.0
