집단,집단 콜 수,즉시호출 대비%,기준,s(이미 기다린 분),s분 시점 대기 중 콜 수,다음 30분 승차%,다음 30분 최종 포기%,다음 30분 재접수 취소%,다음 30분 기타 실패%,30분 뒤에도 대기%,naive 다음 30분 승차%,승차 50% 도달 남은 시간(분),대기 종료 50% 남은 시간(분),다음 30분 취소%
전체,1528047,100.0,기본,0,1528047,41.71,5.61,4.26,0.0,48.41,45.69,35.0,30.0,
전체,1528047,100.0,기본,15,1289541,63.31,3.53,0.98,0.01,32.17,65.24,20.0,19.0,
전체,1528047,100.0,기본,30,739682,60.86,4.2,0.66,0.03,34.26,62.77,21.0,19.0,
전체,1528047,100.0,기본,45,414903,58.29,4.69,0.48,0.05,36.49,60.34,24.0,21.0,
전체,1528047,100.0,기본,60,253389,60.97,4.47,0.37,0.06,34.13,63.11,23.0,20.0,
전체,1528047,100.0,기본,90,86486,75.24,3.16,0.22,0.08,21.3,77.13,14.0,13.0,
전체,1528047,100.0,민감도: 취소를 한 사건으로,0,1528047,41.71,,,0.0,48.41,45.69,35.0,30.0,9.88
전체,1528047,100.0,민감도: 취소를 한 사건으로,15,1289541,63.31,,,0.01,32.17,65.24,20.0,19.0,4.51
전체,1528047,100.0,민감도: 취소를 한 사건으로,30,739682,60.86,,,0.03,34.26,62.77,21.0,19.0,4.86
전체,1528047,100.0,민감도: 취소를 한 사건으로,45,414903,58.29,,,0.05,36.49,60.34,24.0,21.0,5.17
전체,1528047,100.0,민감도: 취소를 한 사건으로,60,253389,60.97,,,0.06,34.13,63.11,23.0,20.0,4.84
전체,1528047,100.0,민감도: 취소를 한 사건으로,90,86486,75.24,,,0.08,21.3,77.13,14.0,13.0,3.38
새벽(02~06시),23016,1.51,기본,0,23016,27.94,5.22,4.4,0.0,62.44,30.59,45.0,37.0,
새벽(02~06시),23016,1.51,기본,15,20450,52.7,2.96,1.08,0.01,43.25,54.17,29.0,26.0,
새벽(02~06시),23016,1.51,기본,30,14371,59.22,2.99,0.79,0.04,36.96,60.72,24.0,22.0,
새벽(02~06시),23016,1.51,기본,45,8844,62.22,3.17,0.66,0.05,33.91,63.87,22.0,21.0,
새벽(02~06시),23016,1.51,기본,60,5312,70.54,3.28,0.41,0.02,25.75,72.51,20.0,19.0,
새벽(02~06시),23016,1.51,기본,90,1368,72.44,5.34,0.37,0.07,21.78,74.78,16.0,15.0,
새벽(02~06시),23016,1.51,민감도: 취소를 한 사건으로,0,23016,27.94,,,0.0,62.44,30.59,45.0,37.0,9.62
새벽(02~06시),23016,1.51,민감도: 취소를 한 사건으로,15,20450,52.7,,,0.01,43.25,54.17,29.0,26.0,4.04
새벽(02~06시),23016,1.51,민감도: 취소를 한 사건으로,30,14371,59.22,,,0.04,36.96,60.72,24.0,22.0,3.78
새벽(02~06시),23016,1.51,민감도: 취소를 한 사건으로,45,8844,62.22,,,0.05,33.91,63.87,22.0,21.0,3.82
새벽(02~06시),23016,1.51,민감도: 취소를 한 사건으로,60,5312,70.54,,,0.02,25.75,72.51,20.0,19.0,3.69
새벽(02~06시),23016,1.51,민감도: 취소를 한 사건으로,90,1368,72.44,,,0.07,21.78,74.78,16.0,15.0,5.7
아침(07~09시),312855,20.47,기본,0,312855,18.91,5.17,5.89,0.0,70.03,20.99,56.0,44.0,
아침(07~09시),312855,20.47,기본,15,280169,41.36,3.63,1.17,0.0,53.84,42.71,37.0,33.0,
아침(07~09시),312855,20.47,기본,30,219088,51.63,3.74,0.62,0.01,44.01,53.13,29.0,27.0,
아침(07~09시),312855,20.47,기본,45,150833,60.03,3.7,0.39,0.02,35.86,61.77,24.0,22.0,
아침(07~09시),312855,20.47,기본,60,96416,70.48,3.29,0.34,0.04,25.85,72.5,19.0,18.0,
아침(07~09시),312855,20.47,기본,90,24925,91.11,1.78,0.19,0.08,6.83,92.7,9.0,9.0,
아침(07~09시),312855,20.47,민감도: 취소를 한 사건으로,0,312855,18.91,,,0.0,70.03,20.99,56.0,44.0,11.06
아침(07~09시),312855,20.47,민감도: 취소를 한 사건으로,15,280169,41.36,,,0.0,53.84,42.71,37.0,33.0,4.8
아침(07~09시),312855,20.47,민감도: 취소를 한 사건으로,30,219088,51.63,,,0.01,44.01,53.13,29.0,27.0,4.36
아침(07~09시),312855,20.47,민감도: 취소를 한 사건으로,45,150833,60.03,,,0.02,35.86,61.77,24.0,22.0,4.09
아침(07~09시),312855,20.47,민감도: 취소를 한 사건으로,60,96416,70.48,,,0.04,25.85,72.5,19.0,18.0,3.63
아침(07~09시),312855,20.47,민감도: 취소를 한 사건으로,90,24925,91.11,,,0.08,6.83,92.7,9.0,9.0,1.97
주간(10~14시),763941,49.99,기본,0,763941,62.03,4.01,3.03,0.0,30.93,66.31,26.0,24.0,
주간(10~14시),763941,49.99,기본,15,618450,84.88,1.89,0.54,0.01,12.67,86.52,12.0,12.0,
주간(10~14시),763941,49.99,기본,30,236300,82.39,2.52,0.38,0.05,14.66,84.13,10.0,9.0,
주간(10~14시),763941,49.99,기본,45,78376,73.58,3.73,0.32,0.14,22.23,75.74,14.0,13.0,
주간(10~14시),763941,49.99,기본,60,34652,68.08,4.18,0.27,0.23,27.24,70.38,17.0,16.0,
주간(10~14시),763941,49.99,기본,90,9439,80.09,2.52,0.18,0.34,16.87,81.92,12.0,12.0,
주간(10~14시),763941,49.99,민감도: 취소를 한 사건으로,0,763941,62.03,,,0.0,30.93,66.31,26.0,24.0,7.04
주간(10~14시),763941,49.99,민감도: 취소를 한 사건으로,15,618450,84.88,,,0.01,12.67,86.52,12.0,12.0,2.44
주간(10~14시),763941,49.99,민감도: 취소를 한 사건으로,30,236300,82.39,,,0.05,14.66,84.13,10.0,9.0,2.9
주간(10~14시),763941,49.99,민감도: 취소를 한 사건으로,45,78376,73.58,,,0.14,22.23,75.74,14.0,13.0,4.05
주간(10~14시),763941,49.99,민감도: 취소를 한 사건으로,60,34652,68.08,,,0.23,27.24,70.38,17.0,16.0,4.45
주간(10~14시),763941,49.99,민감도: 취소를 한 사건으로,90,9439,80.09,,,0.34,16.87,81.92,12.0,12.0,2.7
오후(15~19시),385251,25.21,기본,0,385251,23.02,8.29,5.41,0.0,63.28,26.07,55.0,39.0,
오후(15~19시),385251,25.21,기본,15,334019,44.21,5.95,1.61,0.0,48.23,46.5,36.0,29.0,
오후(15~19시),385251,25.21,기본,30,243789,49.04,5.99,0.96,0.01,44.01,51.25,31.0,26.0,
오후(15~19시),385251,25.21,기본,45,161085,49.43,5.94,0.63,0.02,43.98,51.56,31.0,26.0,
오후(15~19시),385251,25.21,기본,60,107296,50.57,5.44,0.43,0.03,43.53,52.59,30.0,26.0,
오후(15~19시),385251,25.21,기본,90,46711,66.68,3.81,0.23,0.04,29.24,68.63,19.0,18.0,
오후(15~19시),385251,25.21,민감도: 취소를 한 사건으로,0,385251,23.02,,,0.0,63.28,26.07,55.0,39.0,13.7
오후(15~19시),385251,25.21,민감도: 취소를 한 사건으로,15,334019,44.21,,,0.0,48.23,46.5,36.0,29.0,7.56
오후(15~19시),385251,25.21,민감도: 취소를 한 사건으로,30,243789,49.04,,,0.01,44.01,51.25,31.0,26.0,6.94
오후(15~19시),385251,25.21,민감도: 취소를 한 사건으로,45,161085,49.43,,,0.02,43.98,51.56,31.0,26.0,6.57
오후(15~19시),385251,25.21,민감도: 취소를 한 사건으로,60,107296,50.57,,,0.03,43.53,52.59,30.0,26.0,5.86
오후(15~19시),385251,25.21,민감도: 취소를 한 사건으로,90,46711,66.68,,,0.04,29.24,68.63,19.0,18.0,4.04
야간(20~01시),42984,2.81,기본,0,42984,21.67,13.59,3.93,0.01,60.8,25.51,53.0,36.0,
야간(20~01시),42984,2.81,기본,15,36453,46.99,8.53,1.2,0.03,43.25,50.42,33.0,26.0,
야간(20~01시),42984,2.81,기본,30,26134,54.76,7.3,0.72,0.05,37.17,57.83,26.0,21.0,
야간(20~01시),42984,2.81,기본,45,15765,54.15,6.96,0.46,0.07,38.35,56.81,27.0,22.0,
야간(20~01시),42984,2.81,기본,60,9713,50.77,7.13,0.35,0.12,41.62,53.2,30.0,23.0,
야간(20~01시),42984,2.81,기본,90,4043,65.84,4.95,0.22,0.02,28.96,68.22,19.0,17.0,
야간(20~01시),42984,2.81,민감도: 취소를 한 사건으로,0,42984,21.67,,,0.01,60.8,25.51,53.0,36.0,17.52
야간(20~01시),42984,2.81,민감도: 취소를 한 사건으로,15,36453,46.99,,,0.03,43.25,50.42,33.0,26.0,9.73
야간(20~01시),42984,2.81,민감도: 취소를 한 사건으로,30,26134,54.76,,,0.05,37.17,57.83,26.0,21.0,8.02
야간(20~01시),42984,2.81,민감도: 취소를 한 사건으로,45,15765,54.15,,,0.07,38.35,56.81,27.0,22.0,7.43
야간(20~01시),42984,2.81,민감도: 취소를 한 사건으로,60,9713,50.77,,,0.12,41.62,53.2,30.0,23.0,7.48
야간(20~01시),42984,2.81,민감도: 취소를 한 사건으로,90,4043,65.84,,,0.02,28.96,68.22,19.0,17.0,5.17
