집단,집단 콜 수,s(이미 기다린 분),s분 시점 미배차·미취소 콜 수,다음 30분 배차%,다음 30분 최종 포기%,다음 30분 재접수 취소%,30분 뒤에도 미배차%,결국 배차된 콜 수,남은 배차 시간 p25(분),남은 배차 시간 p50(분),남은 배차 시간 p75(분),남은 배차 시간 p90(분),s분 시점 승차·취소 전 콜 수,그중 이미 배차된 비율%
전체,1528047,0,1528047,68.52,4.56,2.61,24.31,1384952,4.73,10.14,29.23,56.47,1528047,0.0
전체,1528047,5,1101136,66.72,3.78,0.83,28.67,1023359,4.32,12.18,33.77,58.65,1452629,24.2
전체,1528047,10,765983,59.47,4.88,0.68,34.97,701385,6.45,18.82,39.97,61.0,1400834,45.32
전체,1528047,15,610758,56.85,5.57,0.56,37.02,555451,8.29,21.23,41.41,60.1,1289541,52.64
전체,1528047,20,510288,56.44,5.97,0.47,37.13,463146,9.13,21.82,40.91,58.19,1114718,54.22
전체,1528047,30,371439,58.57,6.29,0.35,34.79,338006,9.06,21.01,37.58,53.64,739682,49.78
전체,1528047,45,226086,67.4,6.06,0.22,26.33,208214,8.18,18.28,31.21,47.33,414903,45.51
전체,1528047,60,129233,74.93,5.34,0.15,19.58,120451,6.26,13.71,25.67,42.26,253389,49.0
주간(10~14시),763941,0,763941,87.64,2.94,1.65,7.77,723792,3.17,7.61,11.95,24.78,763941,0.0
주간(10~14시),763941,5,470113,87.54,2.28,0.41,9.76,453601,3.26,5.01,12.81,28.47,734605,36.0
주간(10~14시),763941,10,239555,80.94,3.58,0.4,15.08,227064,2.66,7.8,19.16,38.32,701746,65.86
주간(10~14시),763941,15,151583,75.96,4.75,0.36,18.93,141544,3.69,10.18,23.58,44.23,618450,75.49
주간(10~14시),763941,20,105138,72.28,5.67,0.33,21.72,97108,4.68,12.14,26.87,47.15,488212,78.46
주간(10~14시),763941,30,59372,68.38,6.68,0.3,24.65,54282,5.65,14.39,30.18,46.4,236300,74.87
주간(10~14시),763941,45,28702,71.2,6.74,0.21,21.85,26409,6.44,15.79,28.52,41.49,78376,63.38
주간(10~14시),763941,60,14633,79.06,5.68,0.14,15.12,13685,6.02,12.99,22.85,36.83,34652,57.77
야간(20~01시),42984,0,42984,56.89,11.44,2.23,29.43,35033,5.7,14.46,36.3,65.28,42984,0.0
야간(20~01시),42984,5,32305,56.07,9.84,0.95,33.14,27211,5.48,17.03,39.62,67.2,39755,18.74
야간(20~01시),42984,10,25139,51.96,10.85,0.78,36.41,20894,7.75,20.39,43.11,68.75,38303,34.37
야간(20~01시),42984,15,20789,50.34,11.51,0.7,37.45,17180,8.75,22.03,44.62,68.59,36453,42.97
야간(20~01시),42984,20,17583,49.92,11.81,0.62,37.66,14534,9.05,22.44,44.29,67.43,33750,47.9
야간(20~01시),42984,30,12652,50.05,11.44,0.45,38.07,10579,9.61,22.66,42.88,64.95,26134,51.59
야간(20~01시),42984,45,7786,54.94,9.85,0.28,34.92,6715,9.46,21.65,39.24,60.54,15765,50.61
야간(20~01시),42984,60,4816,61.03,9.01,0.21,29.75,4247,8.2,18.42,34.88,55.84,9713,50.42
