call_type,구간,건수,평균,중앙값,p75,p90,p99
immediate,시작→배차,1384952,20.9,10.1,29.2,56.5,99.7
immediate,시작→배차 전 취소,143071,17.5,7.2,28.1,50.0,92.7
immediate,배차→승차,1324338,18.4,17.4,23.1,29.0,42.5
immediate,배차→배차 후 취소,59991,5.6,2.5,5.7,13.9,37.3
immediate,시작→승차,1324338,39.3,30.8,49.6,77.2,125.4
immediate,시작→취소(배차 전+후),203062,20.3,11.0,30.7,54.5,104.1
immediate,시작→최종 포기(재접수 30분 기준),131873,25.9,18.3,39.3,62.6,113.1
scheduled,시작→배차,160040,10.1,7.1,10.2,27.3,72.1
scheduled,시작→배차 전 취소,33565,-172.3,-51.3,-10.3,7.5,59.0
scheduled,배차→승차,152331,19.4,18.5,24.1,29.8,43.7
scheduled,배차→배차 후 취소,7609,6.3,2.8,6.6,13.7,37.2
scheduled,시작→승차,152331,29.5,25.8,34.9,49.8,96.3
scheduled,시작→취소(배차 전+후),41174,-137.1,-30.2,4.3,22.0,71.7
scheduled,시작→최종 포기(재접수 30분 기준),33781,-147.0,-39.1,4.2,24.5,74.4
