month,콜수,취소율%,배차전취소율%,배차후취소율%(배차 대비),접수→배차 중앙값,접수→배차 p90,접수→승차 중앙값,배차→승차 중앙값,임차택시비중%(배차 대비)
1,111137,11.72,7.74,4.31,8.89,41.63,27.9,17.36,19.15
2,115983,11.81,8.19,3.95,9.54,53.29,29.8,17.46,20.16
3,124131,12.73,8.99,4.11,10.06,64.24,30.67,17.16,19.25
4,131491,14.11,10.06,4.5,12.51,62.75,33.09,17.31,18.88
5,124455,14.13,10.14,4.44,11.84,57.55,32.55,17.51,19.61
6,123624,12.37,8.36,4.38,9.37,47.08,28.79,17.17,23.02
7,141271,11.9,8.09,4.14,9.28,43.16,28.51,17.26,22.31
8,131275,12.23,8.6,3.97,9.53,46.17,29.08,17.31,22.54
9,137567,14.46,10.73,4.18,12.42,63.13,33.03,17.51,22.8
10,124403,14.28,10.07,4.68,11.17,59.65,32.11,17.61,23.32
11,127408,14.21,10.04,4.64,12.4,62.59,33.22,17.66,23.45
12,135302,15.13,10.96,4.69,12.23,65.79,33.36,17.85,22.99
