vehicle,hour,배차콜수,배차후취소율%,배차→승차 중앙값
임차택시,3,1,0.0,13.31
임차택시,4,118,1.69,12.26
임차택시,5,2182,7.52,21.34
임차택시,6,2707,10.27,18.86
임차택시,7,12823,8.61,19.37
임차택시,8,12382,6.72,18.31
임차택시,9,17890,4.15,17.21
임차택시,10,28091,3.04,15.76
임차택시,11,39053,2.53,15.41
임차택시,12,32391,2.46,15.06
임차택시,13,30855,3.1,14.46
임차택시,14,42615,4.24,15.61
임차택시,15,37635,5.68,15.91
임차택시,16,22230,9.15,18.31
임차택시,17,13430,9.53,19.16
임차택시,18,3420,8.25,15.76
임차택시,19,60,11.67,14.26
임차택시,20,1,100.0,
특장차,0,1775,6.08,23.76
특장차,1,1008,7.34,23.36
특장차,2,1071,5.51,19.54
특장차,3,1667,2.7,20.41
특장차,4,3576,3.47,20.11
특장차,5,2983,6.13,18.86
특장차,6,6777,3.9,18.91
특장차,7,71442,4.83,19.56
특장차,8,89993,4.28,18.8
특장차,9,73019,4.03,18.56
특장차,10,73964,3.34,17.01
특장차,11,104890,2.62,16.46
특장차,12,124183,2.6,16.11
특장차,13,112914,2.97,15.65
특장차,14,134836,3.81,16.86
특장차,15,112101,5.45,17.71
특장차,16,56379,6.7,20.61
특장차,17,36117,6.4,21.71
특장차,18,25389,6.37,21.06
특장차,19,20735,6.57,20.26
특장차,20,15634,8.09,23.36
특장차,21,8593,7.47,23.66
특장차,22,4926,8.26,22.16
특장차,23,3096,6.27,22.38
