hour,콜수,취소율%,배차전취소율%,배차후취소율%(배차 대비),접수→배차 중앙값,접수→배차 p90,접수→승차 중앙값,배차→승차 중앙값,임차택시비중%(배차 대비)
0,2159,22.79,17.79,6.08,12.1,47.31,39.45,23.76,0.0
1,1220,23.44,17.38,7.34,10.35,42.52,37.42,23.36,0.0
2,1162,12.91,7.83,5.51,8.49,18.2,28.23,19.54,0.0
3,1725,5.91,3.3,2.7,7.42,11.9,27.74,20.41,0.06
4,3994,10.67,7.51,3.41,8.53,32.93,30.23,19.98,3.19
5,5816,17.16,11.19,6.72,16.92,76.71,41.24,19.76,42.25
6,10319,13.34,8.09,5.71,28.85,63.15,50.0,18.91,28.54
7,95740,16.75,11.99,5.41,33.56,71.25,54.27,19.55,15.22
8,115400,15.35,11.29,4.58,34.95,70.15,54.6,18.75,12.09
9,101715,14.25,10.62,4.05,17.71,51.58,37.89,18.31,19.68
10,109748,10.03,7.0,3.26,7.99,29.35,25.73,16.66,27.53
11,150637,6.92,4.44,2.6,7.69,22.02,24.52,16.16,27.13
12,162727,6.25,3.77,2.57,6.99,17.2,23.32,15.91,20.69
13,149442,6.68,3.8,3.0,5.73,14.12,21.86,15.4,21.46
14,191387,10.91,7.28,3.91,9.44,40.86,27.93,16.56,24.02
15,172351,17.91,13.12,5.51,24.84,73.82,42.99,17.21,25.13
16,95586,23.84,17.76,7.39,30.35,81.25,51.62,19.91,28.28
17,59307,22.51,16.46,7.25,17.21,74.48,41.81,21.01,27.11
18,33530,19.74,14.08,6.59,11.94,56.56,35.77,20.41,11.87
19,24477,20.64,15.04,6.58,10.42,56.82,33.58,20.26,0.29
20,19197,25.15,18.55,8.1,16.71,72.03,42.87,23.36,0.01
21,10909,27.12,21.23,7.47,18.96,69.81,44.91,23.66,0.0
22,5901,23.42,16.52,8.26,10.31,52.99,35.54,22.16,0.0
23,3598,19.34,13.95,6.27,8.44,43.28,33.53,22.38,0.0
