purpose,콜수,취소율%,배차전취소율%,배차후취소율%(배차 대비),접수→배차 중앙값,접수→배차 p90,접수→승차 중앙값,배차→승차 중앙값,임차택시비중%(배차 대비)
기타,1327202,13.7,9.66,4.47,10.2,56.4,30.94,17.48,21.54
귀가,97925,9.65,6.64,3.22,9.37,52.71,28.27,16.61,21.87
치료,73120,11.33,8.04,3.58,10.17,56.79,31.4,17.41,21.03
재활,20435,11.09,7.78,3.59,12.61,63.92,34.0,17.36,24.91
종교,6519,14.8,10.65,4.65,14.79,66.87,36.45,18.76,10.4
치료광역,1303,4.3,2.53,1.81,18.55,61.5,40.05,20.41,0.24
통학/출근,984,17.78,11.38,7.22,29.3,75.54,50.61,18.91,23.39
공항티켓,368,15.76,10.33,6.06,12.17,69.47,40.15,22.06,0.0
쇼핑,183,13.11,6.56,7.02,9.67,53.74,31.3,18.16,20.47
업무,8,12.5,12.5,0.0,24.53,46.19,40.69,16.16,0.0
