o_gu,콜수,취소율%,최종포기율%,배차전취소율%,배차후취소율%(배차 대비),접수→배차 중앙값,접수→배차 p90,접수→승차 중앙값,배차→승차 중앙값,임차택시비중%(배차 대비)
강남구,61482,19.21,12.42,13.8,6.28,13.96,63.41,37.06,20.11,17.94
서초구,44229,19.11,12.72,13.7,6.27,20.06,73.9,43.45,21.06,15.8
용산구,30091,18.47,11.98,13.45,5.8,12.53,62.55,37.25,21.11,14.85
종로구,50372,18.45,12.94,13.03,6.24,12.1,69.81,35.48,20.06,17.53
중구,27197,17.72,12.9,12.46,6.01,14.7,73.4,40.11,22.31,13.53
금천구,25379,16.99,10.77,11.2,6.53,14.06,68.38,36.67,19.82,19.49
관악구,53668,15.52,10.12,10.97,5.11,13.66,64.06,35.91,19.26,20.92
은평구,87037,15.13,9.33,10.63,5.04,11.01,54.39,31.42,16.51,22.31
동작구,44293,14.66,9.95,10.2,4.97,12.29,60.58,34.56,19.2,19.58
영등포구,64905,14.33,9.72,9.98,4.83,12.36,64.79,34.29,18.6,20.05
송파구,62840,14.33,9.72,10.15,4.66,11.06,55.98,32.16,17.96,22.1
성동구,35617,13.88,8.94,9.38,4.97,12.23,59.01,34.93,19.36,18.82
성북구,49680,13.52,8.81,8.96,5.01,10.29,53.32,33.2,19.31,20.72
강북구,46691,12.98,9.06,9.2,4.16,9.26,48.02,28.95,17.61,22.11
구로구,54173,12.83,8.72,8.79,4.43,12.12,62.31,34.03,18.82,18.11
강서구,102865,12.82,8.31,9.11,4.09,9.5,51.48,28.61,16.56,23.27
마포구,83286,12.47,7.14,8.99,3.82,9.86,55.74,29.63,17.06,21.0
서대문구,86439,12.38,7.19,8.47,4.28,10.21,65.52,31.9,18.21,22.91
광진구,43588,12.25,8.87,8.6,3.99,10.28,55.35,30.79,17.21,20.81
도봉구,51074,11.24,6.74,7.82,3.71,9.26,42.49,26.46,15.56,19.89
양천구,54343,11.07,6.94,7.33,4.03,9.53,51.45,29.9,18.21,22.73
강동구,91254,10.81,6.84,7.91,3.15,9.82,51.42,27.76,15.36,30.65
동대문구,56699,10.36,6.9,7.23,3.38,9.76,50.3,30.29,17.71,20.3
중랑구,61410,10.17,7.06,7.3,3.09,9.29,47.38,26.57,15.41,22.18
노원구,159435,9.08,5.69,6.66,2.59,8.9,40.11,23.92,13.86,24.28
