시간대,unit_name,구,n,60분 내 최종 포기%(수축),60분 내 최종 포기%(원값),60분 내 승차%(수축),60분 내 승차%(원값),naive KM 60분 내 승차%(원값)
주간(10~14시),삼성2동,강남구,928,11.37,11.53,59.95,58.94,78.27
주간(10~14시),논현1동,강남구,646,18.85,19.66,61.24,59.91,82.93
주간(10~14시),서림동,관악구,968,7.17,7.23,63.95,62.91,73.59
주간(10~14시),사당3동,동작구,514,6.86,7.0,63.97,61.87,70.38
주간(10~14시),반포2동,서초구,186,12.04,13.44,65.08,62.37,76.75
주간(10~14시),논현2동,강남구,651,10.72,10.91,65.66,64.67,76.89
주간(10~14시),대치4동,강남구,360,17.85,19.17,66.65,65.0,83.2
주간(10~14시),서초2동,서초구,435,8.12,8.28,67.13,66.21,83.08
주간(10~14시),사당5동,동작구,545,10.04,10.46,67.53,65.87,76.06
주간(10~14시),방배1동,서초구,476,9.01,9.24,68.17,67.44,81.64
저녁(15~19시),필동,중구,506,17.67,17.79,13.72,12.45,15.13
저녁(15~19시),충현동,서대문구,887,17.21,17.47,14.8,14.09,19.18
저녁(15~19시),소공동,중구,903,12.72,12.51,15.14,14.51,17.86
저녁(15~19시),청운효자동,종로구,1064,21.84,22.09,16.88,16.45,20.92
저녁(15~19시),서초3동,서초구,1261,21.91,22.13,18.13,17.84,23.78
저녁(15~19시),반포2동,서초구,211,19.23,19.91,18.29,16.59,22.1
저녁(15~19시),서초1동,서초구,1838,13.94,13.87,18.63,18.44,22.17
저녁(15~19시),가회동,종로구,118,13.89,12.71,19.66,16.95,21.65
저녁(15~19시),한남동,용산구,740,16.78,16.62,20.0,19.46,23.73
저녁(15~19시),이태원1동,용산구,173,27.6,30.06,20.19,17.92,27.26
야간(20~01시),도곡1동,강남구,68,30.49,36.76,31.26,19.12,56.17
야간(20~01시),세곡동,강남구,191,23.64,24.08,32.73,28.8,68.37
야간(20~01시),대학동,관악구,65,12.75,7.69,35.98,29.23,31.76
야간(20~01시),은천동,관악구,70,30.55,38.57,36.98,31.43,53.2
야간(20~01시),서원동,관악구,152,28.55,31.58,37.81,35.53,50.26
야간(20~01시),대치1동,강남구,100,16.65,14.0,38.59,34.0,42.92
야간(20~01시),조원동,관악구,143,10.19,6.99,39.57,37.76,40.99
야간(20~01시),서초3동,서초구,256,21.06,21.09,39.96,38.28,51.7
야간(20~01시),소공동,중구,139,16.52,15.83,40.3,37.41,49.39
야간(20~01시),남현동,관악구,108,27.0,30.56,41.38,39.81,61.84
