집단,이미 기다린 시간 s(분),안내 범위,목표 적중률%,"시간대별 범위(분, 학습 1~8월)","하나의 범위(분, 학습 1~8월 전체 시간대)",(참고) 연간 시간대별 분위(보고서 표),테스트: s분 시점 미배차 콜 중 결국 배차된 콜 수,적중률%: 시간대별 범위,적중률%: 하나의 범위,배차 전 최종 포기 콜 수(범위 밖으로 셈),보수적 적중률%: 시간대별 범위,보수적 적중률%: 하나의 범위,비고
주간(10~14시),0,대부분(75% 분위),75,10.81,26.61,11.95,184422,67.0,87.62,8488,64.06,83.76,"적중률 = s분 시점에 아직 미배차인 테스트 호출 중 결국 배차된 호출만으로, 남은 배차 시간이 안내 범위 이하였던 비율. 보수적 = 같은 시점에 미배차였다가 배차 전 최종 포기한 호출(재접수 취소는 제외)을 범위 밖으로 분모에 넣은 값"
주간(10~14시),0,늦어도(90% 분위),90,21.43,52.96,24.78,184422,83.87,95.67,8488,80.18,91.46,"적중률 = s분 시점에 아직 미배차인 테스트 호출 중 결국 배차된 호출만으로, 남은 배차 시간이 안내 범위 이하였던 비율. 보수적 = 같은 시점에 미배차였다가 배차 전 최종 포기한 호출(재접수 취소는 제외)을 범위 밖으로 분모에 넣은 값"
야간(20~01시),0,대부분(75% 분위),75,32.87,26.61,36.3,8240,67.97,62.18,1932,55.06,50.37,"적중률 = s분 시점에 아직 미배차인 테스트 호출 중 결국 배차된 호출만으로, 남은 배차 시간이 안내 범위 이하였던 비율. 보수적 = 같은 시점에 미배차였다가 배차 전 최종 포기한 호출(재접수 취소는 제외)을 범위 밖으로 분모에 넣은 값"
야간(20~01시),0,늦어도(90% 분위),90,59.87,52.96,65.28,8240,84.32,81.13,1932,68.31,65.72,"적중률 = s분 시점에 아직 미배차인 테스트 호출 중 결국 배차된 호출만으로, 남은 배차 시간이 안내 범위 이하였던 비율. 보수적 = 같은 시점에 미배차였다가 배차 전 최종 포기한 호출(재접수 취소는 제외)을 범위 밖으로 분모에 넣은 값"
주간(10~14시),15,대부분(75% 분위),75,20.04,39.53,23.58,44571,64.59,83.06,3579,59.79,76.89,"적중률 = s분 시점에 아직 미배차인 테스트 호출 중 결국 배차된 호출만으로, 남은 배차 시간이 안내 범위 이하였던 비율. 보수적 = 같은 시점에 미배차였다가 배차 전 최종 포기한 호출(재접수 취소는 제외)을 범위 밖으로 분모에 넣은 값"
주간(10~14시),15,늦어도(90% 분위),90,36.75,56.99,44.23,44571,81.27,91.63,3579,75.23,84.82,"적중률 = s분 시점에 아직 미배차인 테스트 호출 중 결국 배차된 호출만으로, 남은 배차 시간이 안내 범위 이하였던 비율. 보수적 = 같은 시점에 미배차였다가 배차 전 최종 포기한 호출(재접수 취소는 제외)을 범위 밖으로 분모에 넣은 값"
야간(20~01시),15,대부분(75% 분위),75,40.27,39.53,44.62,4360,66.54,65.94,1000,54.12,53.64,"적중률 = s분 시점에 아직 미배차인 테스트 호출 중 결국 배차된 호출만으로, 남은 배차 시간이 안내 범위 이하였던 비율. 보수적 = 같은 시점에 미배차였다가 배차 전 최종 포기한 호출(재접수 취소는 제외)을 범위 밖으로 분모에 넣은 값"
야간(20~01시),15,늦어도(90% 분위),90,63.47,56.99,68.59,4360,84.24,80.21,1000,68.53,65.24,"적중률 = s분 시점에 아직 미배차인 테스트 호출 중 결국 배차된 호출만으로, 남은 배차 시간이 안내 범위 이하였던 비율. 보수적 = 같은 시점에 미배차였다가 배차 전 최종 포기한 호출(재접수 취소는 제외)을 범위 밖으로 분모에 넣은 값"
주간(10~14시),30,대부분(75% 분위),75,24.96,35.56,30.18,19514,61.98,74.48,2085,56.0,67.29,"적중률 = s분 시점에 아직 미배차인 테스트 호출 중 결국 배차된 호출만으로, 남은 배차 시간이 안내 범위 이하였던 비율. 보수적 = 같은 시점에 미배차였다가 배차 전 최종 포기한 호출(재접수 취소는 제외)을 범위 밖으로 분모에 넣은 값"
주간(10~14시),30,늦어도(90% 분위),90,39.66,49.46,46.4,19514,78.5,87.42,2085,70.92,78.98,"적중률 = s분 시점에 아직 미배차인 테스트 호출 중 결국 배차된 호출만으로, 남은 배차 시간이 안내 범위 이하였던 비율. 보수적 = 같은 시점에 미배차였다가 배차 전 최종 포기한 호출(재접수 취소는 제외)을 범위 밖으로 분모에 넣은 값"
야간(20~01시),30,대부분(75% 분위),75,39.94,35.56,42.88,2831,67.11,62.1,631,54.88,50.78,"적중률 = s분 시점에 아직 미배차인 테스트 호출 중 결국 배차된 호출만으로, 남은 배차 시간이 안내 범위 이하였던 비율. 보수적 = 같은 시점에 미배차였다가 배차 전 최종 포기한 호출(재접수 취소는 제외)을 범위 밖으로 분모에 넣은 값"
야간(20~01시),30,늦어도(90% 분위),90,60.25,49.46,64.95,2831,85.38,76.69,631,69.82,62.71,"적중률 = s분 시점에 아직 미배차인 테스트 호출 중 결국 배차된 호출만으로, 남은 배차 시간이 안내 범위 이하였던 비율. 보수적 = 같은 시점에 미배차였다가 배차 전 최종 포기한 호출(재접수 취소는 제외)을 범위 밖으로 분모에 넣은 값"
