모형,원인,지표,값
LGBM(월 포함),배차,AUC@30분,0.89196
LGBM(월 포함),배차,Brier@30분,0.12625
LGBM(월 포함),배차,AUC@60분,0.84033
LGBM(월 포함),배차,Brier@60분,0.11914
LGBM(월 포함),배차,IBS(5~120분),0.1121
LGBM(월 포함),최종 포기,AUC@30분,0.74053
LGBM(월 포함),최종 포기,Brier@30분,0.0445
LGBM(월 포함),최종 포기,AUC@60분,0.7706
LGBM(월 포함),최종 포기,Brier@60분,0.05868
LGBM(월 포함),최종 포기,IBS(5~120분),0.05337
LGBM(월 포함),재접수 취소,AUC@30분,0.70465
LGBM(월 포함),재접수 취소,Brier@30분,0.02342
LGBM(월 포함),재접수 취소,AUC@60분,0.70682
LGBM(월 포함),재접수 취소,Brier@60분,0.02438
LGBM(월 포함),재접수 취소,IBS(5~120분),0.02368
LGBM(월 제외),배차,AUC@30분,0.89157
LGBM(월 제외),배차,Brier@30분,0.12579
LGBM(월 제외),배차,AUC@60분,0.83828
LGBM(월 제외),배차,Brier@60분,0.11978
LGBM(월 제외),배차,IBS(5~120분),0.1121
LGBM(월 제외),최종 포기,AUC@30분,0.74136
LGBM(월 제외),최종 포기,Brier@30분,0.04447
LGBM(월 제외),최종 포기,AUC@60분,0.77089
LGBM(월 제외),최종 포기,Brier@60분,0.05866
LGBM(월 제외),최종 포기,IBS(5~120분),0.05335
LGBM(월 제외),재접수 취소,AUC@30분,0.70001
LGBM(월 제외),재접수 취소,Brier@30분,0.02342
LGBM(월 제외),재접수 취소,AUC@60분,0.70188
LGBM(월 제외),재접수 취소,Brier@60분,0.02438
LGBM(월 제외),재접수 취소,IBS(5~120분),0.02367
기준선(a) 구간×시각,배차,AUC@30분,0.76345
기준선(a) 구간×시각,배차,Brier@30분,0.18883
기준선(a) 구간×시각,배차,AUC@60분,0.7107
기준선(a) 구간×시각,배차,Brier@60분,0.14974
기준선(a) 구간×시각,배차,IBS(5~120분),0.14473
기준선(a) 구간×시각,최종 포기,AUC@30분,0.6334
기준선(a) 구간×시각,최종 포기,Brier@30분,0.04614
기준선(a) 구간×시각,최종 포기,AUC@60분,0.65373
기준선(a) 구간×시각,최종 포기,Brier@60분,0.06285
기준선(a) 구간×시각,최종 포기,IBS(5~120분),0.05711
기준선(a) 구간×시각,재접수 취소,AUC@30분,0.60322
기준선(a) 구간×시각,재접수 취소,Brier@30분,0.02414
기준선(a) 구간×시각,재접수 취소,AUC@60분,0.60618
기준선(a) 구간×시각,재접수 취소,Brier@60분,0.02512
기준선(a) 구간×시각,재접수 취소,IBS(5~120분),0.02439
LGBM(월 포함),전체,검증 logloss(9월),0.44551
LGBM(월 포함),전체,학습 시간(초),149.0
LGBM(월 제외),전체,검증 logloss(9월),0.4451
LGBM(월 제외),전체,학습 시간(초),484.3
LGBM(월 제외),전체,선택 모형(검증 logloss 최소),1.0
