집단,기준,t(분),위험집합,naive 승차 누적확률%,AJ 승차 CIF%,과대평가(naive-AJ)%p,AJ 최종 포기 CIF%,AJ 재접수 취소 CIF%,AJ 기타 실패 CIF%,아직 대기 중%,AJ 취소 CIF%
전체 시간대,기본,30,739682,45.69,41.71,3.97,5.61,4.26,0.0,48.41,
전체 시간대,기본,60,253389,79.78,71.17,8.61,7.65,4.58,0.02,16.58,
전체 시간대,기본,90,86486,92.54,81.28,11.26,8.39,4.64,0.03,5.66,
전체 시간대,민감도: 취소를 한 사건으로,30,739682,45.69,41.71,3.97,,,0.0,48.41,9.88
전체 시간대,민감도: 취소를 한 사건으로,60,253389,79.78,71.17,8.61,,,0.02,16.58,12.23
전체 시간대,민감도: 취소를 한 사건으로,90,86486,92.54,81.28,11.26,,,0.03,5.66,13.03
전체 시간대,민감도: 기타 실패 제외,30,739138,45.7,41.73,3.97,5.61,4.26,,48.39,
전체 시간대,민감도: 기타 실패 제외,60,253032,79.81,71.2,8.61,7.65,4.58,,16.57,
전체 시간대,민감도: 기타 실패 제외,90,86290,92.57,81.31,11.25,8.39,4.65,,5.65,
전체 시간대,민감도: 재접수 취소 콜 제외(에피소드),30,733627,46.03,43.75,2.28,5.89,,0.0,50.36,
전체 시간대,민감도: 재접수 취소 콜 제외(에피소드),60,252218,80.04,74.65,5.39,8.02,,0.02,17.31,
전체 시간대,민감도: 재접수 취소 콜 제외(에피소드),90,86251,92.66,85.25,7.41,8.8,,0.03,5.92,
야간(20~01시),기본,30,26134,25.51,21.67,3.84,13.59,3.93,0.01,60.8,
야간(20~01시),기본,60,9713,68.59,54.96,13.62,18.03,4.37,0.04,22.6,
야간(20~01시),기본,90,4043,85.3,66.43,18.86,19.64,4.45,0.07,9.41,
야간(20~01시),민감도: 취소를 한 사건으로,30,26134,25.51,21.67,3.84,,,0.01,60.8,17.52
야간(20~01시),민감도: 취소를 한 사건으로,60,9713,68.59,54.96,13.62,,,0.04,22.6,22.4
야간(20~01시),민감도: 취소를 한 사건으로,90,4043,85.3,66.43,18.86,,,0.07,9.41,24.09
야간(20~01시),민감도: 기타 실패 제외,30,26099,25.53,21.69,3.85,13.6,3.94,,60.77,
야간(20~01시),민감도: 기타 실패 제외,60,9691,68.65,55.01,13.63,18.05,4.37,,22.57,
야간(20~01시),민감도: 기타 실패 제외,90,4033,85.35,66.5,18.86,19.66,4.45,,9.39,
야간(20~01시),민감도: 재접수 취소 콜 제외(에피소드),30,25901,25.77,22.68,3.09,14.23,,0.01,63.08,
야간(20~01시),민감도: 재접수 취소 콜 제외(에피소드),60,9667,68.88,57.54,11.34,18.88,,0.04,23.54,
야간(20~01시),민감도: 재접수 취소 콜 제외(에피소드),90,4031,85.48,69.55,15.93,20.56,,0.07,9.82,
