hour,공식값,재현값,즉시호출,승차,승차_60분내,최종포기기준_모집단,취소,최종포기,승차자_평균대기,승차자_중앙대기,P60_승차자만%,P60_전체_최종포기기준%,P60_전체_모든취소%,격차_최종포기기준%p
0,40.72,40.71,2159.0,1664.0,1336.0,2089.0,492.0,422.0,44.27,39.45,80.29,63.95,61.88,16.33
1,36.66,36.64,1208.0,934.0,780.0,1141.0,274.0,207.0,42.14,37.42,83.51,68.36,64.57,15.15
2,28.48,28.47,1156.0,1010.0,984.0,1120.0,145.0,109.0,30.46,28.23,97.43,87.86,85.12,9.57
3,26.57,26.57,1725.0,1623.0,1598.0,1703.0,102.0,80.0,29.12,27.74,98.46,93.83,92.64,4.63
4,26.89,26.89,3994.0,3568.0,3273.0,3929.0,426.0,361.0,34.67,30.23,91.73,83.3,81.95,8.43
5,41.76,41.72,5816.0,4815.0,3104.0,5452.0,998.0,634.0,51.65,41.24,64.47,56.93,53.37,7.53
6,49.98,49.98,10314.0,8936.0,5979.0,9647.0,1374.0,707.0,52.05,50.0,66.91,61.98,57.97,4.93
7,42.99,43.02,95740.0,79670.0,45623.0,87705.0,16033.0,7998.0,57.07,54.27,57.26,52.02,47.65,5.25
8,45.82,45.84,115400.0,97659.0,55861.0,108158.0,17712.0,10470.0,56.32,54.6,57.2,51.65,48.41,5.55
9,42.72,42.69,101715.0,87188.0,70769.0,96821.0,14490.0,9596.0,42.46,37.89,81.17,73.09,69.58,8.08
10,30.58,30.59,109748.0,98676.0,92816.0,105689.0,11009.0,6950.0,29.71,25.73,94.06,87.82,84.57,6.24
11,28.99,28.98,150637.0,140152.0,135600.0,146700.0,10429.0,6492.0,27.23,24.52,96.75,92.43,90.02,4.32
12,26.04,26.05,162727.0,152472.0,149614.0,158622.0,10163.0,6058.0,25.44,23.32,98.13,94.32,91.94,3.8
13,24.52,24.5,149442.0,139404.0,137267.0,145293.0,9984.0,5835.0,23.96,21.86,98.47,94.48,91.85,3.99
14,31.83,31.83,191387.0,170430.0,153210.0,183486.0,20880.0,12979.0,33.77,27.93,89.9,83.5,80.05,6.4
15,47.08,47.08,172351.0,141420.0,97226.0,162819.0,30862.0,21330.0,51.63,42.99,68.75,59.71,56.41,9.04
16,56.7,56.73,95586.0,72763.0,42528.0,88687.0,22785.0,15886.0,59.57,51.62,58.45,47.95,44.49,10.49
17,51.51,51.53,59307.0,45931.0,31516.0,55082.0,13349.0,9124.0,51.76,41.81,68.62,57.22,53.14,11.4
18,43.82,43.87,33530.0,26904.0,21128.0,31636.0,6620.0,4726.0,43.97,35.77,78.53,66.78,63.01,11.75
19,42.67,42.68,24477.0,19412.0,15811.0,23238.0,5051.0,3812.0,42.39,33.58,81.45,68.04,64.6,13.41
20,54.35,54.34,19197.0,14364.0,10000.0,18283.0,4828.0,3914.0,52.43,42.87,69.62,54.7,52.09,14.92
21,55.98,56.04,10909.0,7947.0,5432.0,10446.0,2958.0,2495.0,52.83,44.91,68.35,52.0,49.79,16.35
22,44.35,44.38,5901.0,4511.0,3628.0,5626.0,1382.0,1107.0,43.33,35.54,80.43,64.49,61.48,15.94
23,37.06,37.1,3598.0,2882.0,2449.0,3464.0,696.0,562.0,39.36,33.53,84.98,70.7,68.07,14.28
