후보 산식,비교 칸 수,공식 칸 수,상관계수,"평균차(계산-공식, 분)",MAE(분),내림 후 정확일치%,반올림 후 정확일치%
즉시호출·승차 | 접수→승차 평균 | 접수 시간대,8707,8718,0.9788,2.695,2.891,27.15,7.74
즉시호출·승차 | 접수→승차 중앙값 | 접수 시간대,8707,8718,0.9509,0.082,3.725,14.84,17.31
즉시호출·승차+취소 | 접수→(승차 또는 취소) 평균 | 접수 시간대,8709,8718,0.9045,-2.296,4.415,17.12,17.69
전체·승차 | 접수→승차 평균 | 접수 시간대,8713,8718,0.1492,64.128,64.192,7.02,2.54
즉시호출·배차 | 접수→배차 평균 | 접수 시간대,8707,8718,0.9517,-18.06,18.077,0.06,0.07
전체·승차 | 예정→승차 평균 | 승차 시간대,8675,8718,0.6745,1.639,11.208,6.05,5.27
전체·승차 | 예정→승차 평균 | 예정 시간대,8718,8718,0.9877,0.548,0.781,73.39,32.23
"전체·승차 | 예정→승차, 음수→0, 평균 | 예정 시간대",8718,8718,0.9996,0.718,0.75,74.19,28.18
"전체·승차 | 예정→승차, 각 시각 분단위 절사, 음수→0, 평균 | 예정 시간대 [채택]",8718,8718,0.9996,0.468,0.505,93.76,52.09
