θ,집단,하루 평균 전환 대상(건),재현율%(배차 전 최종 포기를 취소 전에 잡음),미리 잡은 시간 중앙값(분),정밀도%(전환 대상 중 배차 전 최종 포기),불필요 전환%(전환 후 10분 안에 배차),전환 대상 콜 수,배차 전 최종 포기 콜 수
0.02,전체,3001.402,94.75,20.467,10.315,27.528,276129,30060
0.02,야간(20~01시),113.62,100.0,16.031,18.483,29.293,10453,1932
0.025,전체,2677.783,91.85,20.981,11.207,24.626,246356,30060
0.025,야간(20~01시),112.63,99.948,16.034,18.635,28.884,10362,1932
0.03,전체,2396.989,88.952,21.283,12.125,22.335,220523,30060
0.03,야간(20~01시),110.783,99.845,16.05,18.927,28.169,10192,1932
0.035,전체,2153.543,85.825,21.632,13.022,20.554,198126,30060
0.035,야간(20~01시),108.185,99.586,16.058,19.331,27.127,9953,1932
0.04,전체,1932.772,82.568,22.034,13.958,19.166,177815,30060
0.04,야간(20~01시),105.011,98.913,16.2,19.781,26.053,9661,1932
0.045,전체,1746.446,79.418,22.292,14.858,18.083,160673,30060
0.045,야간(20~01시),101.978,98.033,16.326,20.188,25.293,9382,1932
0.05,전체,1579.011,76.038,22.583,15.734,17.085,145269,30060
0.05,야간(20~01시),98.196,97.308,16.432,20.81,24.275,9034,1932
0.055,전체,1429.38,72.745,22.75,16.629,16.22,131503,30060
0.055,야간(20~01시),94.543,96.17,16.756,21.361,23.293,8698,1932
0.06,전체,1297.75,69.877,22.717,17.593,15.509,119393,30060
0.06,야간(20~01시),91.087,95.031,16.973,21.909,22.255,8380,1932
0.065,전체,1179.957,66.663,22.884,18.46,14.903,108556,30060
0.065,야간(20~01시),87.37,93.478,17.282,22.468,21.075,8038,1932
0.07,전체,1074.989,63.719,22.998,19.367,14.436,98899,30060
0.07,야간(20~01시),83.717,92.391,17.496,23.176,20.138,7702,1932
0.075,전체,980.793,60.875,23.165,20.28,14.047,90233,30060
0.075,야간(20~01시),80.207,91.253,17.539,23.892,19.19,7379,1932
0.08,전체,895.75,57.881,23.306,21.113,13.649,82409,30060
0.08,야간(20~01시),76.674,89.337,17.701,24.468,18.472,7054,1932
0.085,전체,821.641,55.306,23.207,21.993,13.29,75591,30060
0.085,야간(20~01시),73.435,87.888,17.887,25.133,17.496,6756,1932
0.09,전체,754.054,52.641,23.417,22.81,12.945,69373,30060
0.09,야간(20~01시),70.283,86.491,17.72,25.843,16.703,6466,1932
0.095,전체,692.239,50.053,23.652,23.625,12.717,63686,30060
0.095,야간(20~01시),67.087,84.265,17.989,26.377,16.348,6172,1932
0.1,전체,638.598,47.688,23.708,24.4,12.517,58751,30060
0.1,야간(20~01시),64.337,82.919,18.166,27.065,16.016,5919,1932
0.105,전체,587.543,45.442,23.652,25.271,12.352,54054,30060
0.105,야간(20~01시),61.326,80.538,18.621,27.579,15.721,5642,1932
0.11,전체,541.489,43.25,23.617,26.098,12.201,49817,30060
0.11,야간(20~01시),58.467,78.416,18.594,28.165,15.096,5379,1932
0.115,전체,499.326,41.091,23.491,26.891,12.077,45938,30060
0.115,야간(20~01시),55.283,75.776,18.512,28.785,14.727,5086,1932
0.12,전체,461.033,38.979,23.62,27.625,11.901,42415,30060
0.12,야간(20~01시),52.185,72.567,19.044,29.202,14.351,4801,1932
0.125,전체,427.587,37.102,23.55,28.352,11.838,39338,30060
0.125,야간(20~01시),49.217,70.135,19.1,29.925,13.626,4528,1932
0.13,전체,396.793,35.319,23.594,29.084,11.87,36505,30060
0.13,야간(20~01시),46.207,66.667,19.558,30.299,13.479,4251,1932
0.135,전체,368.12,33.789,23.338,29.991,11.702,33867,30060
0.135,야간(20~01시),43.446,64.7,19.467,31.273,13.06,3997,1932
0.14,전체,342.326,32.099,23.311,30.638,11.726,31494,30060
0.14,야간(20~01시),41.141,62.474,19.313,31.889,13.131,3785,1932
0.145,전체,319.957,30.772,23.336,31.424,11.642,29436,30060
0.145,야간(20~01시),38.924,60.041,19.627,32.393,12.929,3581,1932
0.15,전체,297.728,29.355,23.156,32.215,11.475,27391,30060
0.15,야간(20~01시),36.402,57.867,19.686,33.383,12.631,3349,1932
0.155,전체,278.902,28.044,22.918,32.854,11.403,25659,30060
0.155,야간(20~01시),34.293,55.435,20.323,33.946,12.393,3155,1932
0.16,전체,261.587,26.79,22.882,33.462,11.194,24066,30060
0.16,야간(20~01시),32.293,52.95,19.635,34.433,11.848,2971,1932
0.165,전체,245.207,25.679,22.841,34.217,11.1,22559,30060
0.165,야간(20~01시),30.38,51.346,19.364,35.492,11.664,2795,1932
0.17,전체,230.522,24.564,22.859,34.817,11.01,21208,30060
0.17,야간(20~01시),28.5,48.965,19.364,36.079,11.442,2622,1932
0.175,전체,217.011,23.566,22.832,35.482,10.829,19965,30060
0.175,야간(20~01시),26.815,46.584,19.206,36.482,11.593,2467,1932
0.18,전체,204.5,22.625,22.733,36.149,10.705,18814,30060
0.18,야간(20~01시),25.12,44.306,19.154,37.04,11.38,2311,1932
0.185,전체,193.152,21.733,22.674,36.764,10.557,17770,30060
0.185,야간(20~01시),23.413,41.822,18.994,37.512,11.235,2154,1932
0.19,전체,182.293,20.868,22.494,37.404,10.542,16771,30060
0.19,야간(20~01시),22.022,39.907,19.1,38.055,11.056,2026,1932
0.195,전체,173.109,20.063,22.508,37.869,10.561,15926,30060
0.195,야간(20~01시),20.772,38.354,18.967,38.776,11.355,1911,1932
0.2,전체,164.12,19.285,22.517,38.393,10.484,15099,30060
0.2,야간(20~01시),19.63,36.542,18.9,39.092,11.24,1806,1932
0.205,전체,155.587,18.606,22.209,39.074,10.298,14314,30060
0.205,야간(20~01시),18.283,34.834,18.648,40.012,10.939,1682,1932
0.21,전체,147.609,17.884,22.301,39.588,10.228,13580,30060
0.21,야간(20~01시),17.13,32.764,19.626,40.165,10.787,1576,1932
0.215,전체,140.739,17.272,22.138,40.099,10.349,12948,30060
0.215,야간(20~01시),16.022,30.849,19.63,40.434,10.855,1474,1932
0.22,전체,134.196,16.673,22.384,40.596,10.198,12346,30060
0.22,야간(20~01시),15.13,29.037,19.313,40.302,10.632,1392,1932
0.225,전체,127.696,16.068,22.084,41.113,10.18,11748,30060
0.225,야간(20~01시),14.109,28.002,18.299,41.68,10.169,1298,1932
0.23,전체,122.065,15.589,21.892,41.728,10.098,11230,30060
0.23,야간(20~01시),13.022,26.656,18.038,42.988,10.184,1198,1932
0.235,전체,116.62,15.067,21.581,42.213,10.001,10729,30060
0.235,야간(20~01시),12.163,25.207,19.204,43.521,10.634,1119,1932
0.24,전체,110.891,14.504,21.333,42.737,9.831,10202,30060
0.24,야간(20~01시),11.196,23.81,18.752,44.66,10.097,1030,1932
0.245,전체,106.196,14.108,21.15,43.408,9.785,9770,30060
0.245,야간(20~01시),10.435,22.567,18.31,45.417,10.0,960,1932
0.25,전체,101.533,13.639,21.201,43.893,9.828,9341,30060
0.25,야간(20~01시),9.739,21.325,18.31,45.982,10.156,896,1932
0.255,전체,96.859,13.177,20.859,44.451,9.898,8911,30060
0.255,야간(20~01시),9.109,20.186,17.609,46.539,10.382,838,1932
0.26,전체,92.707,12.711,20.727,44.8,9.708,8529,30060
0.26,야간(20~01시),8.5,18.737,17.837,46.292,10.614,782,1932
0.265,전체,89.033,12.332,20.573,45.257,9.816,8191,30060
0.265,야간(20~01시),8.0,17.961,18.356,47.147,10.87,736,1932
0.27,전체,85.543,11.9,20.617,45.451,9.848,7870,30060
0.27,야간(20~01시),7.63,17.288,18.31,47.578,11.538,702,1932
0.275,전체,82.141,11.534,20.472,45.878,9.739,7557,30060
0.275,야간(20~01시),7.207,16.46,18.752,47.964,11.011,663,1932
0.28,전체,78.783,11.138,20.392,46.192,9.672,7248,30060
0.28,야간(20~01시),6.772,15.58,18.648,48.315,11.717,623,1932
0.285,전체,75.348,10.765,20.3,46.682,9.694,6932,30060
0.285,야간(20~01시),6.272,14.596,17.646,48.873,12.132,577,1932
0.29,전체,72.185,10.366,20.281,46.921,9.577,6641,30060
0.29,야간(20~01시),5.891,13.923,17.546,49.631,12.362,542,1932
0.295,전체,69.087,10.08,20.161,47.671,9.283,6356,30060
0.295,야간(20~01시),5.576,13.406,17.585,50.487,11.501,513,1932
0.3,전체,66.38,9.734,19.926,47.912,9.481,6107,30060
0.3,야간(20~01시),5.25,12.681,17.546,50.725,10.766,483,1932
0.305,전체,63.424,9.408,20.046,48.466,9.392,5835,30060
0.305,야간(20~01시),5.011,12.164,17.546,50.976,10.629,461,1932
0.31,전체,60.88,9.075,20.118,48.706,9.159,5601,30060
0.31,야간(20~01시),4.728,11.594,17.481,51.494,10.345,435,1932
0.315,전체,58.337,8.749,19.896,49.003,9.111,5367,30060
0.315,야간(20~01시),4.478,10.921,17.546,51.214,10.194,412,1932
0.32,전체,56.163,8.417,20.014,48.965,9.29,5167,30060
0.32,야간(20~01시),4.261,10.455,17.646,51.531,10.714,392,1932
0.325,전체,54.098,8.207,20.033,49.568,9.464,4977,30060
0.325,야간(20~01시),4.12,10.093,17.585,51.451,10.554,379,1932
0.33,전체,52.0,7.967,19.974,50.063,9.615,4784,30060
0.33,야간(20~01시),3.837,9.627,17.646,52.691,9.915,353,1932
0.335,전체,49.946,7.691,19.822,50.316,9.423,4595,30060
0.335,야간(20~01시),3.728,9.317,17.646,52.478,9.329,343,1932
0.34,전체,47.989,7.468,19.633,50.849,9.241,4415,30060
0.34,야간(20~01시),3.554,9.006,17.646,53.211,7.951,327,1932
0.345,전체,46.011,7.212,19.564,51.217,9.048,4233,30060
0.345,야간(20~01시),3.446,8.747,17.585,53.312,8.202,317,1932
0.35,전체,44.0,6.959,19.406,51.68,8.869,4048,30060
0.35,야간(20~01시),3.25,8.437,17.706,54.515,7.358,299,1932
0.355,전체,42.293,6.737,19.033,52.043,8.867,3891,30060
0.355,야간(20~01시),3.011,7.764,18.513,54.152,7.22,277,1932
0.36,전체,40.652,6.53,19.024,52.487,8.85,3740,30060
0.36,야간(20~01시),2.87,7.505,19.204,54.924,7.197,264,1932
0.365,전체,38.913,6.294,18.996,52.849,8.855,3580,30060
0.365,야간(20~01시),2.717,7.039,20.184,54.4,7.6,250,1932
0.37,전체,37.185,6.075,18.936,53.376,8.74,3421,30060
0.37,야간(20~01시),2.587,6.781,19.867,55.042,7.143,238,1932
0.375,전체,35.761,5.848,18.842,53.435,8.663,3290,30060
0.375,야간(20~01시),2.435,6.47,19.548,55.804,8.036,224,1932
0.38,전체,34.315,5.655,18.631,53.849,8.806,3157,30060
0.38,야간(20~01시),2.37,6.366,19.867,56.422,8.257,218,1932
0.385,전체,32.989,5.479,18.656,54.267,8.83,3035,30060
0.385,야간(20~01시),2.228,6.159,19.344,58.049,7.805,205,1932
0.39,전체,31.902,5.319,18.314,54.48,8.893,2935,30060
0.39,야간(20~01시),2.109,6.004,19.446,59.794,7.216,194,1932
0.395,전체,30.5,5.113,18.236,54.775,8.945,2806,30060
0.395,야간(20~01시),1.978,5.745,19.548,60.989,7.143,182,1932
0.4,전체,29.293,4.92,18.314,54.879,8.831,2695,30060
0.4,야간(20~01시),1.891,5.538,19.548,61.494,6.897,174,1932
0.405,전체,28.25,4.767,18.133,55.137,8.965,2599,30060
0.405,야간(20~01시),1.793,5.331,19.548,62.424,7.273,165,1932
0.41,전체,27.163,4.621,17.903,55.582,8.924,2499,30060
0.41,야간(20~01시),1.739,5.28,19.012,63.75,7.5,160,1932
0.415,전체,25.913,4.408,17.9,55.579,8.851,2384,30060
0.415,야간(20~01시),1.652,5.021,19.548,63.816,7.895,152,1932
0.42,전체,24.739,4.258,17.538,56.239,8.436,2276,30060
0.42,야간(20~01시),1.576,4.762,20.865,63.448,8.276,145,1932
0.425,전체,23.804,4.112,16.962,56.438,8.082,2190,30060
0.425,야간(20~01시),1.522,4.607,21.228,63.571,7.857,140,1932
0.43,전체,22.685,3.932,17.213,56.636,8.337,2087,30060
0.43,야간(20~01시),1.467,4.451,21.412,63.704,7.407,135,1932
0.435,전체,21.554,3.736,17.388,56.631,8.422,1983,30060
0.435,야간(20~01시),1.391,4.193,21.228,63.281,7.812,128,1932
0.44,전체,20.663,3.586,17.802,56.707,8.417,1901,30060
0.44,야간(20~01시),1.337,4.037,21.197,63.415,6.504,123,1932
0.445,전체,19.859,3.453,17.768,56.814,8.484,1827,30060
0.445,야간(20~01시),1.283,3.882,21.597,63.559,5.932,118,1932
0.45,전체,19.152,3.323,17.329,56.697,8.683,1762,30060
0.45,야간(20~01시),1.261,3.83,21.954,63.793,6.034,116,1932
0.455,전체,18.402,3.18,17.043,56.468,8.565,1693,30060
0.455,야간(20~01시),1.174,3.571,21.597,63.889,6.481,108,1932
0.46,전체,17.739,3.081,16.576,56.74,8.333,1632,30060
0.46,야간(20~01시),1.109,3.313,21.197,62.745,6.863,102,1932
0.465,전체,16.837,2.921,16.732,56.682,9.038,1549,30060
0.465,야간(20~01시),1.043,3.157,21.167,63.542,7.292,96,1932
0.47,전체,16.228,2.844,16.667,57.267,9.109,1493,30060
0.47,야간(20~01시),0.989,3.054,21.228,64.835,7.692,91,1932
0.475,전체,15.511,2.741,16.576,57.744,8.76,1427,30060
0.475,야간(20~01시),0.946,2.95,20.501,65.517,6.897,87,1932
0.48,전체,14.815,2.638,16.667,58.18,8.951,1363,30060
0.48,야간(20~01시),0.902,2.795,21.412,65.06,7.229,83,1932
0.485,전체,14.337,2.562,16.466,58.378,8.795,1319,30060
0.485,야간(20~01시),0.88,2.743,21.228,65.432,6.173,81,1932
0.49,전체,13.641,2.465,16.283,59.044,8.526,1255,30060
0.49,야간(20~01시),0.848,2.64,21.228,65.385,5.128,78,1932
0.495,전체,12.957,2.362,16.167,59.564,8.557,1192,30060
0.495,야간(20~01시),0.804,2.484,21.491,64.865,4.054,74,1932
0.5,전체,12.457,2.279,15.897,59.773,8.639,1146,30060
0.5,야간(20~01시),0.728,2.277,22.089,65.672,4.478,67,1932
0.505,전체,11.891,2.202,15.838,60.512,8.318,1094,30060
0.505,야간(20~01시),0.685,2.277,21.491,69.841,4.762,63,1932
0.51,전체,11.304,2.132,15.87,61.635,7.788,1040,30060
0.51,야간(20~01시),0.663,2.174,21.491,68.852,4.918,61,1932
0.515,전체,10.804,2.043,14.968,61.771,8.35,994,30060
0.515,야간(20~01시),0.598,2.019,21.228,70.909,5.455,55,1932
0.52,전체,10.272,1.946,15.236,61.905,8.254,945,30060
0.52,야간(20~01시),0.554,1.812,22.581,68.627,5.882,51,1932
0.525,전체,9.848,1.873,15.236,62.141,8.278,906,30060
0.525,야간(20~01시),0.5,1.656,24.829,69.565,6.522,46,1932
0.53,전체,9.283,1.766,15.384,62.178,8.548,854,30060
0.53,야간(20~01시),0.478,1.553,24.829,68.182,6.818,44,1932
0.535,전체,8.924,1.707,15.277,62.485,8.404,821,30060
0.535,야간(20~01시),0.467,1.501,25.643,67.442,6.977,43,1932
0.54,전체,8.641,1.66,15.254,62.767,8.176,795,30060
0.54,야간(20~01시),0.435,1.501,25.643,72.5,5.0,40,1932
0.545,전체,8.239,1.59,14.882,63.061,8.311,758,30060
0.545,야간(20~01시),0.424,1.449,25.79,71.795,5.128,39,1932
0.55,전체,7.859,1.517,14.732,63.071,8.714,723,30060
0.55,야간(20~01시),0.391,1.346,25.79,72.222,5.556,36,1932
0.555,전체,7.511,1.457,14.546,63.386,8.538,691,30060
0.555,야간(20~01시),0.359,1.242,24.975,72.727,3.03,33,1932
0.56,전체,7.033,1.374,14.824,63.833,8.501,647,30060
0.56,야간(20~01시),0.326,1.19,25.936,76.667,3.333,30,1932
0.565,전체,6.685,1.294,15.47,63.252,8.293,615,30060
0.565,야간(20~01시),0.315,1.139,26.961,75.862,3.448,29,1932
0.57,전체,6.457,1.244,15.633,62.963,8.418,594,30060
0.57,야간(20~01시),0.293,1.035,25.337,74.074,3.704,27,1932
0.575,전체,6.152,1.198,15.373,63.604,8.304,566,30060
0.575,야간(20~01시),0.283,1.035,25.337,76.923,3.846,26,1932
0.58,전체,5.902,1.154,15.617,63.904,8.471,543,30060
0.58,야간(20~01시),0.283,1.035,25.337,76.923,3.846,26,1932
0.585,전체,5.641,1.114,15.277,64.547,8.285,519,30060
0.585,야간(20~01시),0.272,0.983,25.936,76.0,4.0,25,1932
0.59,전체,5.283,1.041,15.617,64.403,7.407,486,30060
0.59,야간(20~01시),0.261,0.932,24.975,75.0,4.167,24,1932
0.595,전체,5.033,0.985,15.633,63.931,7.343,463,30060
0.595,야간(20~01시),0.239,0.828,23.582,72.727,4.545,22,1932
0.6,전체,4.804,0.941,15.65,64.027,7.466,442,30060
0.6,야간(20~01시),0.228,0.828,23.582,76.19,4.762,21,1932
