구분,규칙,집단,수락률%,하루 평균 전환 대상(건),하루 잡은 최종 포기(건),하루 구제 상한(건),"연간 구제 상한(건, 하루×365)",테스트 92일 합(건),비고,하루 전환 상한 N,재현율%(배차 전 최종 포기를 취소 전에 잡음),정밀도%(전환 대상 중 배차 전 최종 포기),미리 잡은 시간 중앙값(분)
1 수락률 시나리오(하루 건수를 A와 맞춤),A 현행 60분 규칙,전체,10.0,456.304,37.88,3.788,1382.636,348.5,수락한 사람은 포기하지 않는다고 가정한 상한 계산이며 인과 효과가 아님,,,,
1 수락률 시나리오(하루 건수를 A와 맞춤),A 현행 60분 규칙,전체,20.0,456.304,37.88,7.576,2765.272,697.0,수락한 사람은 포기하지 않는다고 가정한 상한 계산이며 인과 효과가 아님,,,,
1 수락률 시나리오(하루 건수를 A와 맞춤),A 현행 60분 규칙,전체,30.0,456.304,37.88,11.364,4147.908,1045.5,수락한 사람은 포기하지 않는다고 가정한 상한 계산이며 인과 효과가 아님,,,,
1 수락률 시나리오(하루 건수를 A와 맞춤),A 현행 60분 규칙,전체,50.0,456.304,37.88,18.94,6913.179,1742.5,수락한 사람은 포기하지 않는다고 가정한 상한 계산이며 인과 효과가 아님,,,,
1 수락률 시나리오(하루 건수를 A와 맞춤),A 현행 60분 규칙,야간(20~01시),10.0,16.272,2.207,0.221,80.538,20.3,수락한 사람은 포기하지 않는다고 가정한 상한 계산이며 인과 효과가 아님,,,,
1 수락률 시나리오(하루 건수를 A와 맞춤),A 현행 60분 규칙,야간(20~01시),20.0,16.272,2.207,0.441,161.076,40.6,수락한 사람은 포기하지 않는다고 가정한 상한 계산이며 인과 효과가 아님,,,,
1 수락률 시나리오(하루 건수를 A와 맞춤),A 현행 60분 규칙,야간(20~01시),30.0,16.272,2.207,0.662,241.614,60.9,수락한 사람은 포기하지 않는다고 가정한 상한 계산이며 인과 효과가 아님,,,,
1 수락률 시나리오(하루 건수를 A와 맞춤),A 현행 60분 규칙,야간(20~01시),50.0,16.272,2.207,1.103,402.69,101.5,수락한 사람은 포기하지 않는다고 가정한 상한 계산이며 인과 효과가 아님,,,,
1 수락률 시나리오(하루 건수를 A와 맞춤),B 동적 규칙(5분 재점검),전체,10.0,461.033,127.359,12.736,4648.592,1171.7,수락한 사람은 포기하지 않는다고 가정한 상한 계산이며 인과 효과가 아님,,,,
1 수락률 시나리오(하루 건수를 A와 맞춤),B 동적 규칙(5분 재점검),전체,20.0,461.033,127.359,25.472,9297.185,2343.4,수락한 사람은 포기하지 않는다고 가정한 상한 계산이며 인과 효과가 아님,,,,
1 수락률 시나리오(하루 건수를 A와 맞춤),B 동적 규칙(5분 재점검),전체,30.0,461.033,127.359,38.208,13945.777,3515.1,수락한 사람은 포기하지 않는다고 가정한 상한 계산이며 인과 효과가 아님,,,,
1 수락률 시나리오(하루 건수를 A와 맞춤),B 동적 규칙(5분 재점검),전체,50.0,461.033,127.359,63.679,23242.962,5858.5,수락한 사람은 포기하지 않는다고 가정한 상한 계산이며 인과 효과가 아님,,,,
1 수락률 시나리오(하루 건수를 A와 맞춤),B 동적 규칙(5분 재점검),야간(20~01시),10.0,52.185,15.239,1.524,556.228,140.2,수락한 사람은 포기하지 않는다고 가정한 상한 계산이며 인과 효과가 아님,,,,
1 수락률 시나리오(하루 건수를 A와 맞춤),B 동적 규칙(5분 재점검),야간(20~01시),20.0,52.185,15.239,3.048,1112.457,280.4,수락한 사람은 포기하지 않는다고 가정한 상한 계산이며 인과 효과가 아님,,,,
1 수락률 시나리오(하루 건수를 A와 맞춤),B 동적 규칙(5분 재점검),야간(20~01시),30.0,52.185,15.239,4.572,1668.685,420.6,수락한 사람은 포기하지 않는다고 가정한 상한 계산이며 인과 효과가 아님,,,,
1 수락률 시나리오(하루 건수를 A와 맞춤),B 동적 규칙(5분 재점검),야간(20~01시),50.0,52.185,15.239,7.62,2781.141,701.0,수락한 사람은 포기하지 않는다고 가정한 상한 계산이며 인과 효과가 아님,,,,
1 수락률 시나리오(하루 건수를 A와 맞춤),R2 룩업표(구×접수 시각),전체,10.0,456.848,87.511,8.751,3194.147,805.1,수락한 사람은 포기하지 않는다고 가정한 상한 계산이며 인과 효과가 아님,,,,
1 수락률 시나리오(하루 건수를 A와 맞춤),R2 룩업표(구×접수 시각),전체,20.0,456.848,87.511,17.502,6388.293,1610.2,수락한 사람은 포기하지 않는다고 가정한 상한 계산이며 인과 효과가 아님,,,,
1 수락률 시나리오(하루 건수를 A와 맞춤),R2 룩업표(구×접수 시각),전체,30.0,456.848,87.511,26.253,9582.44,2415.3,수락한 사람은 포기하지 않는다고 가정한 상한 계산이며 인과 효과가 아님,,,,
1 수락률 시나리오(하루 건수를 A와 맞춤),R2 룩업표(구×접수 시각),전체,50.0,456.848,87.511,43.755,15970.734,4025.5,수락한 사람은 포기하지 않는다고 가정한 상한 계산이며 인과 효과가 아님,,,,
1 수락률 시나리오(하루 건수를 A와 맞춤),R2 룩업표(구×접수 시각),야간(20~01시),10.0,87.543,17.489,1.749,638.353,160.9,수락한 사람은 포기하지 않는다고 가정한 상한 계산이며 인과 효과가 아님,,,,
1 수락률 시나리오(하루 건수를 A와 맞춤),R2 룩업표(구×접수 시각),야간(20~01시),20.0,87.543,17.489,3.498,1276.707,321.8,수락한 사람은 포기하지 않는다고 가정한 상한 계산이며 인과 효과가 아님,,,,
1 수락률 시나리오(하루 건수를 A와 맞춤),R2 룩업표(구×접수 시각),야간(20~01시),30.0,87.543,17.489,5.247,1915.06,482.7,수락한 사람은 포기하지 않는다고 가정한 상한 계산이며 인과 효과가 아님,,,,
1 수락률 시나리오(하루 건수를 A와 맞춤),R2 룩업표(구×접수 시각),야간(20~01시),50.0,87.543,17.489,8.745,3191.766,804.5,수락한 사람은 포기하지 않는다고 가정한 상한 계산이며 인과 효과가 아님,,,,
2 하루 전환 상한 N(하루 안에서 점수 상위 N건만 전환),A 현행 60분 규칙(무작위 N건 기댓값),전체,,48.761,3.82,,,,A는 표시 대상이 모두 60분 시점이라 점수 차이가 없어 하루 안 무작위 N건의 기댓값,50.0,1.169,7.834,
2 하루 전환 상한 N(하루 안에서 점수 상위 N건만 전환),A 현행 60분 규칙(무작위 N건 기댓값),야간(20~01시),,16.011,2.127,,,,A는 표시 대상이 모두 60분 시점이라 점수 차이가 없어 하루 안 무작위 N건의 기댓값,50.0,10.131,13.288,
2 하루 전환 상한 N(하루 안에서 점수 상위 N건만 전환),B 동적 규칙(5분 재점검),전체,,50.0,24.033,,,,하루 안에서 점수 순위로 사후에 N건을 골랐으므로 운영에서 얻을 값의 상한에 가까움,50.0,7.355,48.065,17.383
2 하루 전환 상한 N(하루 안에서 점수 상위 N건만 전환),B 동적 규칙(5분 재점검),야간(20~01시),,5.076,2.217,,,,하루 안에서 점수 순위로 사후에 N건을 골랐으므로 운영에서 얻을 값의 상한에 가까움,50.0,10.559,43.683,14.316
2 하루 전환 상한 N(하루 안에서 점수 상위 N건만 전환),R2 룩업표(구×접수 시각),전체,,50.0,12.554,,,,하루 안에서 점수 순위로 사후에 N건을 골랐으므로 운영에서 얻을 값의 상한에 가까움,50.0,3.842,25.109,29.342
2 하루 전환 상한 N(하루 안에서 점수 상위 N건만 전환),R2 룩업표(구×접수 시각),야간(20~01시),,9.413,2.25,,,,하루 안에서 점수 순위로 사후에 N건을 골랐으므로 운영에서 얻을 값의 상한에 가까움,50.0,10.714,23.903,17.772
2 하루 전환 상한 N(하루 안에서 점수 상위 N건만 전환),A 현행 60분 규칙(무작위 N건 기댓값),전체,,95.543,7.505,,,,A는 표시 대상이 모두 60분 시점이라 점수 차이가 없어 하루 안 무작위 N건의 기댓값,100.0,2.297,7.856,
2 하루 전환 상한 N(하루 안에서 점수 상위 N건만 전환),A 현행 60분 규칙(무작위 N건 기댓값),야간(20~01시),,16.272,2.207,,,,A는 표시 대상이 모두 60분 시점이라 점수 차이가 없어 하루 안 무작위 N건의 기댓값,100.0,10.507,13.56,
2 하루 전환 상한 N(하루 안에서 점수 상위 N건만 전환),B 동적 규칙(5분 재점검),전체,,100.0,41.402,,,,하루 안에서 점수 순위로 사후에 N건을 골랐으므로 운영에서 얻을 값의 상한에 가까움,100.0,12.671,41.402,19.482
2 하루 전환 상한 N(하루 안에서 점수 상위 N건만 전환),B 동적 규칙(5분 재점검),야간(20~01시),,11.054,4.13,,,,하루 안에서 점수 순위로 사후에 N건을 골랐으므로 운영에서 얻을 값의 상한에 가까움,100.0,19.669,37.365,16.002
2 하루 전환 상한 N(하루 안에서 점수 상위 N건만 전환),R2 룩업표(구×접수 시각),전체,,100.0,22.87,,,,하루 안에서 점수 순위로 사후에 N건을 골랐으므로 운영에서 얻을 값의 상한에 가까움,100.0,6.999,22.87,28.405
2 하루 전환 상한 N(하루 안에서 점수 상위 N건만 전환),R2 룩업표(구×접수 시각),야간(20~01시),,21.935,5.304,,,,하루 안에서 점수 순위로 사후에 N건을 골랐으므로 운영에서 얻을 값의 상한에 가까움,100.0,25.259,24.182,19.044
2 하루 전환 상한 N(하루 안에서 점수 상위 N건만 전환),A 현행 60분 규칙(무작위 N건 기댓값),전체,,185.054,14.618,,,,A는 표시 대상이 모두 60분 시점이라 점수 차이가 없어 하루 안 무작위 N건의 기댓값,200.0,4.474,7.899,
2 하루 전환 상한 N(하루 안에서 점수 상위 N건만 전환),A 현행 60분 규칙(무작위 N건 기댓값),야간(20~01시),,16.272,2.207,,,,A는 표시 대상이 모두 60분 시점이라 점수 차이가 없어 하루 안 무작위 N건의 기댓값,200.0,10.507,13.56,
2 하루 전환 상한 N(하루 안에서 점수 상위 N건만 전환),B 동적 규칙(5분 재점검),전체,,200.0,68.565,,,,하루 안에서 점수 순위로 사후에 N건을 골랐으므로 운영에서 얻을 값의 상한에 가까움,200.0,20.985,34.283,20.818
2 하루 전환 상한 N(하루 안에서 점수 상위 N건만 전환),B 동적 규칙(5분 재점검),야간(20~01시),,25.152,8.326,,,,하루 안에서 점수 순위로 사후에 N건을 골랐으므로 운영에서 얻을 값의 상한에 가까움,200.0,39.648,33.103,16.235
2 하루 전환 상한 N(하루 안에서 점수 상위 N건만 전환),R2 룩업표(구×접수 시각),전체,,200.0,43.565,,,,하루 안에서 점수 순위로 사후에 N건을 골랐으므로 운영에서 얻을 값의 상한에 가까움,200.0,13.333,21.783,28.774
2 하루 전환 상한 N(하루 안에서 점수 상위 N건만 전환),R2 룩업표(구×접수 시각),야간(20~01시),,39.674,9.185,,,,하루 안에서 점수 순위로 사후에 N건을 골랐으므로 운영에서 얻을 값의 상한에 가까움,200.0,43.737,23.151,19.148
