구분,집단,규칙,θ,하루 평균 전환 대상(건),재현율%(배차 전 최종 포기를 취소 전에 잡음),미리 잡은 시간 중앙값(분),정밀도%(전환 대상 중 배차 전 최종 포기),불필요 전환%(전환 후 10분 안에 배차),전환 대상 콜 수,배차 전 최종 포기 콜 수,지표,값
1 같은 운영 부담에서 비교,전체,A 현행: 60분 경과 & 미배차,,456.304,11.593,13.933,8.302,30.064,41980.0,30060.0,,
1 같은 운영 부담에서 비교,전체,B 동적: 다음 30분 최종 포기 확률 ≥ θ (규칙 A와 같은 건수),0.12,461.033,38.979,23.62,27.625,11.901,42415.0,30060.0,,
1 같은 운영 부담에서 비교,야간(20~01시),A 현행: 60분 경과 & 미배차,,16.272,10.507,16.47,13.56,23.848,1497.0,1932.0,,
1 같은 운영 부담에서 비교,야간(20~01시),B 동적: 다음 30분 최종 포기 확률 ≥ θ (규칙 A와 같은 건수),0.12,52.185,72.567,19.044,29.202,14.351,4801.0,1932.0,,
2 θ별 규칙 B,전체,B 동적,0.05,1579.011,76.038,22.583,15.734,17.085,145269.0,30060.0,,
2 θ별 규칙 B,전체,B 동적,0.1,638.598,47.688,23.708,24.4,12.517,58751.0,30060.0,,
2 θ별 규칙 B,전체,B 동적,0.15,297.728,29.355,23.156,32.215,11.475,27391.0,30060.0,,
2 θ별 규칙 B,전체,B 동적,0.2,164.12,19.285,22.517,38.393,10.484,15099.0,30060.0,,
2 θ별 규칙 B,전체,B 동적,0.3,66.38,9.734,19.926,47.912,9.481,6107.0,30060.0,,
2 θ별 규칙 B,야간(20~01시),B 동적,0.05,98.196,97.308,16.432,20.81,24.275,9034.0,1932.0,,
2 θ별 규칙 B,야간(20~01시),B 동적,0.1,64.337,82.919,18.166,27.065,16.016,5919.0,1932.0,,
2 θ별 규칙 B,야간(20~01시),B 동적,0.15,36.402,57.867,19.686,33.383,12.631,3349.0,1932.0,,
2 θ별 규칙 B,야간(20~01시),B 동적,0.2,19.63,36.542,18.9,39.092,11.24,1806.0,1932.0,,
2 θ별 규칙 B,야간(20~01시),B 동적,0.3,5.25,12.681,17.546,50.725,10.766,483.0,1932.0,,
3 구조적 한계,전체,A 현행,,,,,,,,,배차 전 최종 포기 중 접수 후 60분 전에 이미 떠난 비율% [평가 기간 10~12월],88.407
3 구조적 한계,전체,A 현행,,,,,,,,,배차 전 최종 포기 중 접수 후 60분 전에 이미 떠난 비율% [연간 1~12월],91.587
3 구조적 한계,야간(20~01시),A 현행,,,,,,,,,배차 전 최종 포기 중 접수 후 60분 전에 이미 떠난 비율% [평가 기간 10~12월],89.493
3 구조적 한계,야간(20~01시),A 현행,,,,,,,,,배차 전 최종 포기 중 접수 후 60분 전에 이미 떠난 비율% [연간 1~12월],91.941
4 곧 배차될 상황에서 떠남,전체,모형,,,,,,,,,배차 전 최종 포기 중 취소 직전 점검에서 '다음 10분 배차 확률 ≥ 50%'였던 비율%,20.547
4 곧 배차될 상황에서 떠남,전체,모형,,,,,,,,,같은 콜들의 취소 직전 '다음 10분 배차 확률' 중앙값%,20.993
4 곧 배차될 상황에서 떠남,야간(20~01시),모형,,,,,,,,,배차 전 최종 포기 중 취소 직전 점검에서 '다음 10분 배차 확률 ≥ 50%'였던 비율%,12.422
4 곧 배차될 상황에서 떠남,야간(20~01시),모형,,,,,,,,,같은 콜들의 취소 직전 '다음 10분 배차 확률' 중앙값%,17.924
5 동적 규칙의 전환 시점(같은 운영 부담 θ),전체,B 동적,0.12,,,,,,,,전환 대상 중 접수 직후(0분)에 표시된 비율%,75.398
5 동적 규칙의 전환 시점(같은 운영 부담 θ),전체,B 동적,0.12,,,,,,,,전환 대상 중 5~10분에 표시된 비율%,7.335
5 동적 규칙의 전환 시점(같은 운영 부담 θ),전체,B 동적,0.12,,,,,,,,전환 대상 중 15~30분에 표시된 비율%,11.211
5 동적 규칙의 전환 시점(같은 운영 부담 θ),전체,B 동적,0.12,,,,,,,,전환 대상 중 30분 넘어 표시된 비율%,6.057
5 동적 규칙의 전환 시점(같은 운영 부담 θ),전체,B 동적,0.12,,,,,,,,전환 시점 p90(분),25.0
5 동적 규칙의 전환 시점(같은 운영 부담 θ),전체,B 동적,0.12,,,,,,,,취소 전에 잡은 최종 포기 중 접수 직후(0분)에 표시된 비율%,80.695
5 동적 규칙의 전환 시점(같은 운영 부담 θ),야간(20~01시),B 동적,0.12,,,,,,,,전환 대상 중 접수 직후(0분)에 표시된 비율%,88.127
5 동적 규칙의 전환 시점(같은 운영 부담 θ),야간(20~01시),B 동적,0.12,,,,,,,,전환 대상 중 5~10분에 표시된 비율%,6.478
5 동적 규칙의 전환 시점(같은 운영 부담 θ),야간(20~01시),B 동적,0.12,,,,,,,,전환 대상 중 15~30분에 표시된 비율%,4.874
5 동적 규칙의 전환 시점(같은 운영 부담 θ),야간(20~01시),B 동적,0.12,,,,,,,,전환 대상 중 30분 넘어 표시된 비율%,0.521
5 동적 규칙의 전환 시점(같은 운영 부담 θ),야간(20~01시),B 동적,0.12,,,,,,,,전환 시점 p90(분),5.0
5 동적 규칙의 전환 시점(같은 운영 부담 θ),야간(20~01시),B 동적,0.12,,,,,,,,취소 전에 잡은 최종 포기 중 접수 직후(0분)에 표시된 비율%,93.224
