call_type,구분,값,건수,비율%
immediate,상태,boarded,1324338,86.67
immediate,상태,pre_cancel,143071,9.36
immediate,상태,post_cancel,59992,3.93
immediate,상태,disp_noboard,622,0.04
immediate,상태,unknown,24,0.0
immediate,Stage1,중도절단,24,0.0
immediate,Stage1,배차,1384952,90.64
immediate,Stage1,배차 전 취소,143071,9.36
immediate,Stage2,중도절단,24,0.0
immediate,Stage2,승차,1324338,95.62
immediate,Stage2,배차 후 취소,59991,4.33
immediate,Stage2,기타 실패,599,0.04
immediate,Overall,중도절단,48,0.0
immediate,Overall,승차,1324338,86.67
immediate,Overall,취소,203062,13.29
immediate,Overall,기타 실패,599,0.04
scheduled,상태,boarded,152331,78.68
scheduled,상태,pre_cancel,33565,17.34
scheduled,상태,post_cancel,7609,3.93
scheduled,상태,disp_noboard,100,0.05
scheduled,상태,unknown,0,0.0
scheduled,Stage1,배차,160040,82.66
scheduled,Stage1,배차 전 취소,33565,17.34
scheduled,Stage2,중도절단,4,0.0
scheduled,Stage2,승차,152331,95.18
scheduled,Stage2,배차 후 취소,7609,4.75
scheduled,Stage2,기타 실패,96,0.06
scheduled,Overall,중도절단,4,0.0
scheduled,Overall,승차,152331,78.68
scheduled,Overall,취소,41174,21.27
scheduled,Overall,기타 실패,96,0.05
