클래스,피처,피처(한글),평균|SHAP|,순위
배차,k,경과 시간(5분 구간),0.47526,1
배차,wait_gu,같은 구 미배차 대기 콜 수,0.43228,2
배차,wait_seoul,서울 미배차 대기 콜 수,0.42214,3
배차,req30_seoul,서울 직전30분 접수,0.18546,4
배차,alight30_gu,같은 구 직전30분 하차,0.16186,5
배차,req30_gu,같은 구 직전30분 접수,0.13943,6
배차,hour,접수 시각,0.1083,7
배차,o_gu,출발구,0.10018,8
배차,disp30_seoul,서울 직전30분 배차,0.07666,9
배차,dong_d30,출발동 30분 배차율*,0.04563,10
배차,dow,요일,0.04383,11
배차,disability_grp,장애유형,0.02651,12
배차,dong_ab,출발동 포기율*,0.0245,13
배차,disp30_gu,같은 구 직전30분 배차,0.01881,14
배차,is_holiday,공휴일,0.00366,15
배차,purpose,이용목적,0.00252,16
최종 포기,k,경과 시간(5분 구간),0.35176,1
최종 포기,wait_gu,같은 구 미배차 대기 콜 수,0.28306,2
최종 포기,dong_ab,출발동 포기율*,0.23069,3
최종 포기,hour,접수 시각,0.22262,4
최종 포기,disability_grp,장애유형,0.2005,5
최종 포기,wait_seoul,서울 미배차 대기 콜 수,0.18345,6
최종 포기,req30_seoul,서울 직전30분 접수,0.16431,7
최종 포기,req30_gu,같은 구 직전30분 접수,0.09541,8
최종 포기,o_gu,출발구,0.08504,9
최종 포기,disp30_seoul,서울 직전30분 배차,0.07736,10
최종 포기,dong_d30,출발동 30분 배차율*,0.07202,11
최종 포기,alight30_gu,같은 구 직전30분 하차,0.06387,12
최종 포기,dow,요일,0.05707,13
최종 포기,purpose,이용목적,0.05381,14
최종 포기,disp30_gu,같은 구 직전30분 배차,0.02538,15
최종 포기,is_holiday,공휴일,0.00586,16
